Depth (m),Temperature ( C),Salinity (PSU),Density (kg/m^3),PAR/Irradiance (uE/m^2/s,Fluorescence (mg/m^3),Turbidity (NTU),Beam (1/m),Oxygen (umol/kg),Oxygen (%sat)
0.806,15.0814,31.6229,23.3525,3.6635e+02,0.544,0.0003,6.8554,258.354,102.02475
0.823,15.0885,31.6244,23.3521,3.6926e+02,0.5402,0.0003,6.8542,258.013,101.90566
0.824,15.0871,31.6251,23.3529,4.4416e+02,0.5318,0.0003,6.8646,257.848,101.83794
0.813,15.0876,31.6288,23.3557,3.7733e+02,0.5349,0.0003,6.8571,257.832,101.83512
0.827,15.0854,31.6235,23.3521,3.9144e+02,0.5448,0.0003,6.8492,258.062,101.91782
0.817,15.0969,31.6248,23.3506,4.2113e+02,0.5448,0.0003,6.8644,258.264,102.02188
0.791,15.0981,31.6243,23.35,3.2412e+02,0.5448,0.0003,6.8681,258.518,102.12437
0.775,15.0994,31.6255,23.3506,4.3466e+02,0.5448,0.0003,6.8634,258.785,102.23335
0.8,15.0989,31.6267,23.3516,3.7004e+02,0.5448,0.0003,6.8603,259.073,102.3468
0.856,15.0896,31.6281,23.3547,3.6449e+02,0.5448,0.0003,6.8558,259.431,102.47044
0.882,15.0888,31.6263,23.3535,3.6187e+02,0.5547,0.0003,6.8625,259.441,102.47135
0.822,15.0897,31.6259,23.353,4.2350e+02,0.557,0.0003,6.865,259.359,102.44054
0.742,15.0899,31.6266,23.3535,5.9762e+02,0.5486,0.0003,6.8631,259.682,102.56904
0.769,15.0893,31.6269,23.3538,3.3068e+02,0.5448,0.0003,6.8677,259.823,102.62371
0.85,15.0932,31.6248,23.3514,3.7102e+02,0.5448,0.0003,6.8748,259.807,102.62362
0.853,15.0943,31.6276,23.3533,5.0744e+02,0.5448,0.0003,6.8684,259.362,102.45242
0.779,15.0921,31.6259,23.3525,4.4035e+02,0.5395,0.0003,6.865,258.471,102.09456
0.764,15.0887,31.6286,23.3553,3.3465e+02,0.5318,0.0003,6.8621,257.541,101.72228
0.891,15.0855,31.6272,23.3549,3.4251e+02,0.528,0.0003,6.8623,257.013,101.50638
0.986,15.0887,31.6256,23.353,3.4620e+02,0.5196,0.0003,6.8635,257.005,101.50852
1.019,15.0931,31.6254,23.3519,3.4523e+02,0.5196,0.0003,6.8615,256.957,101.49844
1.122,15.0979,31.6259,23.3512,3.2992e+02,0.5196,0.0003,6.8602,257.026,101.53536
1.321,15.0976,31.626,23.3514,9.1413e+02,0.5204,0.0003,6.8633,257.399,101.68218
1.469,15.1017,31.6249,23.3496,9.0295e+02,0.5318,0.0003,6.8621,258.016,101.93365
1.55,15.1031,31.626,23.3502,5.4919e+02,0.5318,0.0003,6.8572,258.766,102.23343
1.64,15.1017,31.6265,23.3509,2.7724e+02,0.5318,0.0003,6.8631,259.162,102.38749
1.8,15.0863,31.6327,23.359,2.7361e+02,0.5318,0.0003,6.8669,258.514,102.10473
1.986,15.0139,31.6509,23.3885,2.6998e+02,0.5524,0.0003,6.8654,258.226,101.85764
2.15,14.9949,31.6297,23.3763,2.5117e+02,0.5563,0.0003,6.8641,258.347,101.85212
2.298,15.0088,31.6316,23.3747,2.6176e+02,0.5921,0.0003,6.8605,258.393,101.89978
2.486,15.0242,31.6234,23.3651,2.5339e+02,0.6051,0.0003,6.8638,259.202,102.24417
2.725,14.9883,31.6435,23.3883,2.6222e+02,0.6127,0.0003,6.8659,260.057,102.52244
2.945,14.8679,31.6613,23.4276,3.0473e+02,0.6181,0.0003,6.8778,260.771,102.57156
3.114,14.859,31.6414,23.4142,2.9582e+02,0.647,0.0003,6.8811,260.48,102.42479
3.283,14.8358,31.6454,23.4222,3.6894e+02,0.6791,0.0003,6.8877,260.067,102.21782
3.498,14.8173,31.6474,23.4277,3.5438e+02,0.6837,0.0003,6.8864,259.386,101.91414
3.744,14.7327,31.6681,23.4616,4.2552e+02,0.6921,0.0003,6.8835,259.482,101.79514
3.987,14.6807,31.6633,23.4688,5.6109e+02,0.7104,0.0003,6.8836,260.004,101.89072
4.201,14.676,31.6522,23.4613,5.3830e+02,0.7783,0.0004,6.8856,260.514,102.0734
4.372,14.6873,31.6632,23.4674,6.9266e+02,0.789,0.0004,6.8965,260.866,102.24207
4.507,14.6893,31.6697,23.4719,5.6395e+02,0.9011,0.0003,6.8969,260.438,102.08289
4.659,14.6976,31.6689,23.4696,6.1347e+02,0.9003,0.0003,6.8975,259.711,101.81429
4.931,14.7603,31.6882,23.4712,6.0864e+02,0.9675,0.0003,6.9012,258.752,101.57852
5.275,14.7823,31.7374,23.5045,5.5833e+02,0.9698,0.0003,6.9044,258.368,101.50662
5.538,14.8003,31.7645,23.5215,5.3773e+02,1.0514,0.0004,6.9339,258.648,101.67204
5.673,14.7968,31.7766,23.5316,5.1164e+02,1.0667,0.0004,6.9368,259.343,101.94673
5.774,14.807,31.7762,23.5292,5.2181e+02,1.1185,0.0003,6.9414,259.697,102.10624
5.967,14.8119,31.7841,23.5342,4.8333e+02,1.1391,0.0003,6.9453,258.898,101.80782
6.264,14.7416,31.8297,23.5843,5.0824e+02,1.1536,0.0003,6.947,258.076,101.37456
6.554,14.6998,31.8184,23.5844,4.5227e+02,1.1643,0.0003,6.9413,258.055,101.27414
6.752,14.6928,31.8152,23.5834,4.0723e+02,1.2154,0.0003,6.9403,259.104,101.66926
6.904,14.6781,31.8175,23.5883,4.2039e+02,1.2734,0.0003,6.9375,260.728,102.27843
7.101,14.6512,31.8174,23.5939,3.8741e+02,1.3108,0.0003,6.9341,261.976,102.71235
7.329,14.6396,31.8167,23.5958,3.8166e+02,1.3833,0.0003,6.9318,262.223,102.78519
7.533,14.6357,31.8165,23.5964,3.6855e+02,1.4146,0.0003,6.9194,261.766,102.59775
7.715,14.6332,31.8162,23.5968,3.3678e+02,1.5283,0.0004,6.9231,261.543,102.5054
7.955,14.632,31.8154,23.5965,3.4925e+02,1.5389,0.0004,6.9342,261.806,102.60529
8.252,14.6328,31.8152,23.5961,3.2208e+02,1.6389,0.0003,6.9341,262.138,102.73697
8.498,14.6309,31.8157,23.5969,2.9390e+02,1.6381,0.0003,6.9338,262.236,102.7718
8.661,14.6274,31.8146,23.5968,2.9519e+02,1.7281,0.0003,6.9388,261.568,102.5022
8.819,14.6231,31.8171,23.5996,2.9015e+02,1.7312,0.0003,6.9367,261.184,102.34441
9.023,14.5547,31.8258,23.6207,2.7593e+02,1.8563,0.0003,6.9278,261.652,102.39423
9.269,14.5243,31.8164,23.6198,2.5801e+02,1.88,0.0003,6.9335,261.932,102.43469
9.53,14.4989,31.8147,23.6238,2.5481e+02,1.9593,0.0004,6.9371,261.881,102.36166
9.792,14.4448,31.8286,23.6459,2.4156e+02,1.9914,0.0004,6.9322,262.122,102.35526
10.025,14.3783,31.8303,23.661,2.2178e+02,2.0646,0.0004,6.9304,262.801,102.48494
10.208,14.2859,31.8455,23.692,2.1552e+02,2.115,0.0004,6.9288,263.696,102.6545
10.41,14.146,31.8528,23.7265,2.1150e+02,2.1546,0.0004,6.9277,264.431,102.65704
10.66,14.1095,31.8369,23.7218,2.0174e+02,2.2012,0.0004,6.9264,264.246,102.49816
10.899,14.1044,31.8367,23.7226,1.9017e+02,2.2592,0.0004,6.9126,263.773,102.3041
11.097,14.0986,31.836,23.7233,1.8289e+02,2.3736,0.0004,6.9057,263.552,102.2064
11.319,14.0929,31.8355,23.7241,1.7747e+02,2.3927,0.0004,6.8782,263.245,102.075
11.584,14.085,31.8413,23.7302,1.7041e+02,2.4598,0.0004,6.8656,262.898,101.92834
11.804,14.0311,31.8634,23.7583,1.6257e+02,2.4636,0.0004,6.8496,262.415,101.6462
11.913,14.0133,31.8675,23.7651,1.5629e+02,2.5056,0.0004,6.8438,261.784,101.3683
12.016,13.9978,31.8691,23.7695,1.5284e+02,2.5056,0.0004,6.8413,261.31,101.15429
12.236,13.9278,31.9032,23.8102,1.4845e+02,2.4743,0.0003,6.8322,261.03,100.92742
12.519,13.7869,31.9512,23.8759,1.4169e+02,2.4728,0.0003,6.8313,261.548,100.87378
12.754,13.6934,31.9673,23.9073,1.3361e+02,2.4995,0.0004,6.8289,262.192,100.94223
12.919,13.6577,31.9631,23.9112,1.2811e+02,2.5056,0.0004,6.8268,262.705,101.06344
13.056,13.65,31.958,23.9088,1.2548e+02,2.5399,0.0004,6.826,262.987,101.15227
13.218,13.6404,31.9592,23.9117,1.2162e+02,2.5544,0.0004,6.8318,263.136,101.1911
13.418,13.6146,31.9664,23.9225,1.1624e+02,2.5827,0.0004,6.8343,263.104,101.1306
13.646,13.4941,32.0182,23.9866,1.1087e+02,2.6033,0.0004,6.8375,263.023,100.88895
13.884,13.2666,32.1005,24.0956,1.0614e+02,2.6139,0.0003,6.8149,263.234,100.56077
14.104,13.1374,32.1251,24.14,1.0240e+02,2.6277,0.0003,6.8019,263.406,100.37817
14.305,13.108,32.1316,24.1509,9.8483e+01,2.6757,0.0003,6.8741,263.56,100.38091
14.511,13.0984,32.1315,24.1527,9.3586e+01,2.7749,0.0004,6.8609,264.099,100.56625
14.722,13.0949,32.1297,24.152,8.9231e+01,2.8047,0.0004,6.8219,264.772,100.81434
14.914,13.0881,32.1338,24.1565,8.5935e+01,2.9206,0.0003,6.8023,264.79,100.80986
15.084,13.0685,32.1424,24.167,8.3948e+01,2.9184,0.0003,6.7892,263.903,100.43806
15.252,13.0302,32.1584,24.1869,8.1275e+01,2.884,0.0003,6.7658,262.521,99.84479
15.46,12.998,32.1796,24.2096,7.7655e+01,2.8848,0.0003,6.7647,261.492,99.40274
15.684,12.9648,32.2056,24.2362,7.3819e+01,2.8031,0.0003,6.7708,261.457,99.33949
15.883,12.9323,32.2204,24.254,7.1080e+01,2.7986,0.0003,6.7645,262.092,99.52475
16.045,12.913,32.2308,24.2658,6.9265e+01,2.6979,0.0003,6.7593,262.499,99.64705
16.213,12.909,32.2381,24.2723,6.7544e+01,2.6757,0.0003,6.7477,262.692,99.71724
16.419,12.9005,32.2393,24.2748,6.5152e+01,2.7017,0.0003,6.7427,262.584,99.65967
16.633,12.8956,32.2471,24.2819,6.2293e+01,2.7124,0.0003,6.7277,262.523,99.632
16.853,12.8728,32.2588,24.2954,5.9634e+01,2.7268,0.0003,6.7244,262.847,99.7163
17.116,12.8526,32.2654,24.3043,5.7319e+01,2.7375,0.0003,6.7214,262.924,99.7087
17.391,12.7901,32.285,24.3317,5.4640e+01,2.7375,0.0003,6.7182,263.047,99.64098
17.601,12.7373,32.2959,24.3503,5.1948e+01,2.7375,0.0003,6.7177,262.818,99.4534
17.742,12.6918,32.2988,24.3614,5.0134e+01,2.5979,0.0003,6.722,262.235,99.14174
17.89,12.6663,32.2973,24.3651,4.9017e+01,2.3118,0.0002,6.719,261.371,98.76242
18.072,12.656,32.2952,24.3655,4.7824e+01,2.2241,0.0002,6.7153,260.477,98.40237
18.294,12.6468,32.2963,24.3681,4.6048e+01,1.88,0.0002,6.6936,260.214,98.28504
18.564,12.6335,32.2991,24.3729,4.3918e+01,1.8578,0.0002,6.6814,260.254,98.27494
18.827,12.6193,32.2994,24.3758,4.1857e+01,1.5885,0.0002,6.6283,260.428,98.31217
18.993,12.6062,32.3008,24.3794,4.0494e+01,1.5893,0.0002,6.6097,260.205,98.20247
19.121,12.5735,32.3067,24.3903,3.9584e+01,1.6595,0.0002,6.5787,259.169,97.74939
19.323,12.5307,32.2994,24.3927,3.8329e+01,1.6625,0.0002,6.5585,257.92,97.1873
19.602,12.4967,32.2978,24.3981,3.6749e+01,1.5817,0.0002,6.5505,256.865,96.72057
19.886,12.4379,32.3011,24.4118,3.5222e+01,1.5649,0.0002,6.5328,256.134,96.33002
20.099,12.3615,32.2998,24.4253,3.3859e+01,1.5992,0.0002,6.53,256.048,96.14477
20.237,12.3087,32.3003,24.4357,3.2947e+01,1.6137,0.0002,6.5248,256.123,96.06779
20.39,12.2444,32.2941,24.443,3.2257e+01,1.529,0.0002,6.5269,256.453,96.0589
20.587,12.1931,32.2947,24.4531,3.1383e+01,1.4672,0.0002,6.528,256.877,96.11565
20.788,12.0915,32.3004,24.4766,3.0392e+01,1.4008,0.0002,6.5237,257.265,96.06106
20.999,11.9654,32.2984,24.4985,2.9521e+01,1.3223,0.0003,6.5229,257.432,95.86953
21.254,11.7826,32.3131,24.5436,2.8574e+01,1.3299,0.0003,6.521,257.62,95.58301
21.518,11.5914,32.3097,24.5759,2.7502e+01,1.3467,0.0003,6.5099,257.767,95.25209
21.724,11.4627,32.2744,24.5718,2.6596e+01,1.3688,0.0003,6.5023,257.418,94.84194
21.909,11.4176,32.2516,24.5622,2.5788e+01,1.4558,0.0003,6.4961,256.282,94.31854
22.137,11.3571,32.2527,24.5739,2.4876e+01,1.4535,0.0003,6.4944,254.841,93.66905
22.425,11.2856,32.2393,24.5763,2.3841e+01,1.4314,0.0003,6.4895,253.38,92.98239
22.691,11.2511,32.2227,24.5696,2.2881e+01,1.4314,0.0003,6.4951,251.637,92.26463
22.902,11.2218,32.2213,24.5738,2.2072e+01,1.4314,0.0004,6.4993,249.595,91.45816
23.109,11.1274,32.2224,24.5913,2.1337e+01,1.4314,0.0004,6.5125,247.287,90.43192
23.343,11.066,32.2015,24.5859,2.0525e+01,1.2093,0.0004,6.5166,244.409,89.24993
23.562,10.9988,32.2032,24.5991,1.9708e+01,1.1636,0.0004,6.5255,241.746,88.15243
23.738,10.9537,32.1911,24.5975,1.9125e+01,1.0362,0.0004,6.5295,239.402,87.20659
23.915,10.9384,32.1854,24.5958,1.8589e+01,0.9812,0.0004,6.5331,237.258,86.394
24.116,10.9082,32.1931,24.6071,1.8001e+01,0.9751,0.0004,6.5384,235.322,85.63852
24.364,10.8688,32.1856,24.6081,1.7327e+01,0.9698,0.0004,6.5407,233.471,84.88908
24.65,10.8271,32.1986,24.6255,1.6465e+01,0.9057,0.0004,6.5451,231.798,84.21373
24.898,10.7389,32.2201,24.6575,1.5703e+01,0.8271,0.0005,6.546,230.844,83.72174
25.085,10.6894,32.2086,24.6571,1.5112e+01,0.7745,0.0005,6.5456,229.837,83.26182
25.242,10.6828,32.2047,24.6552,1.4675e+01,0.6669,0.0005,6.5474,228.499,82.76312
25.431,10.6669,32.2056,24.6586,1.4241e+01,0.6425,0.0005,6.5484,227.03,82.20366
25.701,10.6462,32.2074,24.6636,1.3685e+01,0.544,0.0004,6.5569,225.702,81.68783
26.004,10.6247,32.2052,24.6656,1.3028e+01,0.5448,0.0004,6.5551,224.737,81.29967
26.278,10.6189,32.2018,24.664,1.2416e+01,0.5563,0.0005,6.5519,224.185,81.08787
26.467,10.6158,32.2001,24.6632,1.1990e+01,0.5563,0.0005,6.551,223.759,80.92737
26.616,10.6146,32.1983,24.662,1.1726e+01,0.5097,0.0005,6.551,223.412,80.79893
26.806,10.6113,32.1986,24.6628,1.1455e+01,0.5074,0.0005,6.5532,222.995,80.64259
27.104,10.5803,32.2118,24.6784,1.1034e+01,0.4967,0.0005,6.5531,222.624,80.46259
27.425,10.5225,32.2277,24.7007,1.0489e+01,0.4945,0.0005,6.5517,222.475,80.31797
27.646,10.5027,32.2227,24.7001,1.0079e+01,0.4861,0.0006,6.5507,222.534,80.30218
27.791,10.4881,32.2176,24.6986,9.8506e+00,0.4822,0.0006,6.5498,222.584,80.29226
27.979,10.4658,32.2206,24.7048,9.5936e+00,0.4822,0.0006,6.5499,222.535,80.23804
28.222,10.444,32.2191,24.7073,9.2476e+00,0.483,0.0005,6.5515,222.494,80.18484
28.466,10.3987,32.2607,24.7475,8.8760e+00,0.4609,0.0005,6.5546,222.625,80.17762
28.689,10.3243,32.2609,24.7602,8.5223e+00,0.4334,0.0006,6.5559,222.947,80.16534
28.911,10.3081,32.2545,24.758,8.1795e+00,0.4334,0.0006,6.5563,222.818,80.08739
29.139,10.3041,32.2564,24.7601,7.8518e+00,0.4342,0.0005,6.562,222.456,79.95136
29.348,10.2795,32.2646,24.7706,7.5545e+00,0.4266,0.0005,6.5626,222.354,79.8771
29.52,10.2497,32.2637,24.7749,7.3255e+00,0.3968,0.0006,6.5625,222.486,79.87265
29.698,10.2214,32.2614,24.7779,7.1287e+00,0.3937,0.0006,6.5739,222.485,79.82241
29.916,10.1989,32.2591,24.7799,6.8989e+00,0.3602,0.0005,6.5818,222.095,79.64252
30.18,10.193,32.2521,24.7754,6.6396e+00,0.3602,0.0005,6.5632,221.705,79.48851
30.466,10.1894,32.2511,24.7753,6.3604e+00,0.348,0.0006,6.5617,221.582,79.4375
30.759,10.1829,32.2503,24.7757,6.0678e+00,0.3472,0.0006,6.5671,221.685,79.46317
30.999,10.1767,32.2492,24.7759,5.8248e+00,0.3266,0.0006,6.5694,221.889,79.52465
31.178,10.1593,32.2493,24.7789,5.6475e+00,0.3228,0.0006,6.5714,221.768,79.45158
31.371,10.152,32.2466,24.778,5.4717e+00,0.3403,0.0006,6.57,221.406,79.30791
31.593,10.1436,32.2461,24.779,5.2813e+00,0.3472,0.0006,6.5714,220.924,79.12072
31.818,10.114,32.254,24.7901,5.0793e+00,0.3472,0.0006,6.5775,220.716,78.99988
32.024,10.0785,32.248,24.7913,4.8910e+00,0.3472,0.0006,6.5847,220.633,78.9064
32.211,10.0689,32.2439,24.7897,4.7247e+00,0.3586,0.0006,6.5914,220.443,78.81961
32.403,10.0645,32.2424,24.7893,4.5632e+00,0.3724,0.0006,6.5862,220.175,78.71567
32.596,10.052,32.2443,24.7928,4.4166e+00,0.364,0.0006,6.5862,220.085,78.66302
32.814,10.0422,32.2415,24.7923,4.2600e+00,0.348,0.0006,6.595,220.074,78.64073
33.026,10.0341,32.2416,24.7937,4.1082e+00,0.3525,0.0006,6.5961,220.013,78.60529
33.19,10.0304,32.239,24.7923,3.9852e+00,0.3716,0.0006,6.5976,219.862,78.54377
33.376,10.029,32.2389,24.7925,3.8797e+00,0.3731,0.0006,6.6008,219.448,78.39349
33.664,10.0126,32.2425,24.798,3.7183e+00,0.3838,0.0006,6.6011,219.22,78.28607
33.934,10.0033,32.2412,24.7986,3.5403e+00,0.3838,0.0006,6.5932,218.983,78.18492
34.109,9.9957,32.2412,24.7998,3.4148e+00,0.3365,0.0006,6.5943,218.914,78.14743
34.27,9.9943,32.2391,24.7984,3.3217e+00,0.3358,0.0007,6.5967,218.763,78.09022
34.477,9.9935,32.2385,24.7981,3.2135e+00,0.335,0.0006,6.5969,218.541,78.00909
34.692,9.9911,32.2387,24.7986,3.0897e+00,0.335,0.0006,6.5964,218.44,77.96935
34.878,9.9877,32.2377,24.7984,2.9879e+00,0.335,0.0006,6.5973,218.441,77.96306
35.083,9.9846,32.2378,24.799,2.8998e+00,0.335,0.0006,6.5962,218.696,78.04915
35.346,9.9784,32.2381,24.8002,2.7796e+00,0.3426,0.0006,6.5935,218.779,78.0682
35.6,9.9704,32.2379,24.8014,2.6590e+00,0.348,0.0006,6.5945,218.852,78.08069
35.743,9.9662,32.2365,24.801,2.5854e+00,0.348,0.0006,6.595,218.775,78.04531
35.83,9.9664,32.2355,24.8002,2.5480e+00,0.348,0.0007,6.5996,218.639,77.9967
36.051,9.9641,32.2357,24.8007,2.4838e+00,0.3396,0.0006,6.5982,218.612,77.98305
36.424,9.9504,32.2409,24.8071,2.3531e+00,0.3236,0.0006,6.5939,218.401,77.88773
36.734,9.9413,32.2394,24.8074,2.2171e+00,0.3335,0.0006,6.5957,218.387,77.86649
36.868,9.9403,32.2393,24.8075,2.1471e+00,0.3724,0.0007,6.5965,218.477,77.89676
36.915,9.9397,32.2395,24.8077,2.1334e+00,0.3709,0.0007,6.5919,218.671,77.96521
37.086,9.9312,32.2412,24.8105,2.0888e+00,0.348,0.0006,6.5913,218.808,78.00059
37.345,9.924,32.2386,24.8096,1.9934e+00,0.348,0.0006,6.5889,218.863,78.00657
37.531,9.9141,32.241,24.8132,1.9100e+00,0.348,0.0006,6.5884,218.861,77.99045
37.628,9.9051,32.2387,24.8128,1.8616e+00,0.348,0.0006,6.5884,218.849,77.96981
37.775,9.8986,32.2381,24.8134,1.8221e+00,0.348,0.0006,6.5876,218.806,77.94285
38.001,9.8888,32.2371,24.8142,1.7475e+00,0.348,0.0006,6.586,218.798,77.92308
38.222,9.8801,32.2384,24.8167,1.6748e+00,0.409,0.0006,6.5798,218.842,77.92479
38.433,9.8664,32.2392,24.8196,1.6109e+00,0.4334,0.0006,6.5784,218.903,77.92365
38.626,9.8479,32.2375,24.8213,1.5572e+00,0.4342,0.0006,6.5773,219.055,77.94538
38.814,9.8388,32.2352,24.821,1.4976e+00,0.4342,0.0005,6.5633,219.191,77.9771
39.008,9.8337,32.2348,24.8215,1.4464e+00,0.4105,0.0005,6.5608,219.471,78.06766
39.23,9.8275,32.2349,24.8226,1.3877e+00,0.3846,0.0005,6.5646,219.482,78.0611
39.476,9.8177,32.2371,24.8259,1.3334e+00,0.3922,0.0005,6.5623,219.457,78.03707
39.704,9.8155,32.2346,24.8243,1.2846e+00,0.409,0.0005,6.5585,219.564,78.06997
39.914,9.815,32.2355,24.8251,1.2503e+00,0.425,0.0005,6.5426,219.591,78.07922
40.155,9.8132,32.2363,24.8261,1.2000e+00,0.483,0.0005,6.5369,219.781,78.1443
40.434,9.8114,32.2377,24.8274,1.1502e+00,0.4815,0.0005,6.5287,219.796,78.14723
40.695,9.8109,32.2379,24.8276,1.1019e+00,0.47,0.0005,6.5264,219.96,78.20464
40.915,9.8116,32.2391,24.8285,1.0634e+00,0.4708,0.0005,6.5219,220.26,78.31341
41.122,9.8256,32.236,24.8238,1.0328e+00,0.3998,0.0005,6.527,220.549,78.43813
41.331,9.8406,32.2457,24.8289,9.9999e-01,0.3968,0.0005,6.5286,220.63,78.49808
41.537,9.8402,32.2482,24.831,9.6550e-01,0.3762,0.0005,6.5232,220.784,78.55352
41.734,9.8424,32.2467,24.8294,9.3066e-01,0.3724,0.0005,6.5243,220.826,78.57124
41.94,9.8434,32.2487,24.8308,8.9643e-01,0.3899,0.0004,6.5262,220.942,78.61544
42.17,9.8535,32.2484,24.8289,8.5881e-01,0.3976,0.0004,6.5279,221.042,78.66811
42.414,9.8516,32.2542,24.8337,8.2310e-01,0.4266,0.0004,6.5288,220.912,78.62203
42.675,9.8545,32.2533,24.8326,7.8469e-01,0.4464,0.0004,6.5047,220.822,78.59443
42.901,9.8469,32.2556,24.8356,7.5938e-01,0.4349,0.0005,6.4993,220.825,78.58399
43.027,9.8394,32.2515,24.8337,7.3421e-01,0.422,0.0005,6.4864,221.103,78.66735
43.16,9.8209,32.2592,24.8427,7.2090e-01,0.4136,0.0005,6.4802,221.664,78.83995
43.418,9.7797,32.2599,24.85,6.9617e-01,0.3976,0.0004,6.4761,222.292,78.99279
43.743,9.7371,32.2631,24.8594,6.5961e-01,0.3861,0.0005,6.4797,222.878,79.12966
44.009,9.7157,32.2611,24.8613,6.2714e-01,0.348,0.0005,6.4815,223.256,79.22574
44.192,9.691,32.2615,24.8657,6.0451e-01,0.3457,0.0005,6.4878,223.514,79.27468
44.375,9.6723,32.2571,24.8652,5.8641e-01,0.3228,0.0005,6.49,223.758,79.3266
44.563,9.6668,32.2547,24.8643,5.6902e-01,0.3236,0.0005,6.4921,223.679,79.28747
44.735,9.6686,32.2526,24.8624,5.4968e-01,0.335,0.0005,6.4906,223.37,79.17999
44.925,9.676,32.2551,24.8631,5.3167e-01,0.3358,0.0005,6.4896,222.983,79.05701
45.17,9.6863,32.2543,24.8608,5.1546e-01,0.3358,0.0005,6.4876,222.672,78.96386
45.428,9.6995,32.2609,24.8638,4.9487e-01,0.3358,0.0005,6.4917,222.254,78.84222
45.63,9.7173,32.2647,24.8639,4.7910e-01,0.3533,0.0005,6.4959,221.711,78.68225
45.773,9.7246,32.2727,24.869,4.6365e-01,0.3602,0.0005,6.4962,221.298,78.55242
45.892,9.7273,32.2742,24.8697,4.5034e-01,0.3236,0.0004,6.495,220.948,78.43378
46.037,9.7316,32.2761,24.8705,4.4604e-01,0.2991,0.0004,6.4877,220.707,78.35678
46.266,9.7264,32.2813,24.8754,4.3306e-01,0.2869,0.0004,6.4841,220.561,78.29892
46.539,9.7116,32.2848,24.8806,4.0793e-01,0.274,0.0004,6.4799,220.512,78.25832
46.755,9.6923,32.2874,24.8857,3.9578e-01,0.2785,0.0004,6.4676,220.779,78.32146
46.926,9.6826,32.2834,24.8842,3.8265e-01,0.2862,0.0004,6.4621,221.259,78.473
47.11,9.6763,32.285,24.8864,3.7275e-01,0.2755,0.0004,6.4523,221.812,78.65909
47.327,9.6692,32.2836,24.8865,3.5888e-01,0.2373,0.0003,6.4501,222.504,78.89143
47.563,9.6592,32.2857,24.8898,3.4325e-01,0.2389,0.0003,6.4453,223.07,79.07609
47.799,9.654,32.2831,24.8886,3.3153e-01,0.2503,0.0004,6.4447,223.542,79.23299
48.005,9.6489,32.2841,24.8902,3.2049e-01,0.2495,0.0004,6.4444,223.915,79.35708
48.167,9.6413,32.286,24.8929,3.1713e-01,0.2618,0.0004,6.448,224.06,79.39658
48.337,9.6316,32.2887,24.8966,3.0477e-01,0.2625,0.0004,6.4478,224.16,79.41651
48.556,9.619,32.2898,24.8995,2.9325e-01,0.2099,0.0004,6.4473,224.055,79.35831
48.788,9.5993,32.2983,24.9093,2.8233e-01,0.2,0.0003,6.448,223.764,79.22592
49.006,9.5264,32.311,24.9309,2.7288e-01,0.245,0.0004,6.4484,223.933,79.16682
49.254,9.506,32.3024,24.9275,2.6379e-01,0.2625,0.0004,6.4458,223.869,79.104
49.571,9.501,32.301,24.9272,2.5070e-01,0.2328,0.0004,6.4466,223.735,79.04735
49.9,9.4999,32.3005,24.927,2.4204e-01,0.2129,0.0004,6.4474,223.674,79.0237
50.143,9.4983,32.3008,24.9275,2.2877e-01,0.2068,0.0004,6.448,223.436,78.93688
50.288,9.4964,32.301,24.928,2.1894e-01,0.2,0.0004,6.4488,223.227,78.85985
50.498,9.4922,32.3016,24.9291,2.1281e-01,0.1961,0.0004,6.449,222.892,78.73464
50.87,9.4854,32.3026,24.931,1.9892e-01,0.1877,0.0003,6.4479,222.701,78.65609
51.244,9.482,32.3018,24.9309,1.8724e-01,0.1877,0.0004,6.4437,222.574,78.60506
51.508,9.48,32.3025,24.9318,1.8007e-01,0.1877,0.0004,6.4444,222.612,78.61523
51.718,9.4756,32.303,24.9329,1.7209e-01,0.1923,0.0004,6.445,222.438,78.54645
52.006,9.4707,32.3036,24.9341,1.6779e-01,0.2373,0.0004,6.4528,222.149,78.43631
52.364,9.4668,32.3041,24.9352,1.5553e-01,0.2366,0.0004,6.4519,222.139,78.42647
52.716,9.457,32.3063,24.9385,1.4274e-01,0.2007,0.0004,6.4424,222.2,78.43246
53.025,9.4243,32.3203,24.9546,1.3531e-01,0.2,0.0004,6.4421,222.758,78.5812
53.372,9.377,32.3174,24.9599,1.3089e-01,0.2213,0.0004,6.4416,223.283,78.68321
53.815,9.3633,32.3138,24.9592,1.1572e-01,0.2251,0.0004,6.4414,223.515,78.7393
54.237,9.3412,32.3193,24.967,1.0531e-01,0.2076,0.0004,6.4416,223.697,78.76816
54.547,9.3204,32.3202,24.971,9.9765e-02,0.2,0.0004,6.4427,223.774,78.76007
54.833,9.2875,32.3286,24.9828,9.1388e-02,0.1923,0.0004,6.4457,223.735,78.69429
55.208,9.1858,32.349,25.0148,8.1708e-02,0.1877,0.0004,6.4488,223.875,78.57901
55.654,9.0865,32.3258,25.0122,6.6882e-02,0.1763,0.0004,6.4452,224.155,78.49256
56.055,9.0478,32.3224,25.0155,6.5628e-02,0.1633,0.0005,6.448,224.227,78.44895
56.382,9.0326,32.3129,25.0105,5.8116e-02,0.1717,0.0005,6.4747,224.258,78.4283
56.679,9.0158,32.3157,25.0152,5.3399e-02,0.1877,0.0006,6.4768,224.211,78.3842
57.02,9.0033,32.3099,25.0126,4.5930e-02,0.1847,0.0006,6.4799,223.827,78.22526
57.421,8.986,32.3221,25.0249,4.3044e-02,0.1755,0.0005,6.4918,223.095,77.94647
57.871,8.9668,32.3183,25.0249,3.6232e-02,0.1755,0.0005,6.4972,222.504,77.70478
58.332,8.9713,32.3141,25.0209,3.0153e-02,0.1755,0.0006,6.5104,221.791,77.46123
58.719,8.968,32.3254,25.0303,2.5735e-02,0.1755,0.0006,6.5183,221.238,77.2686
59.05,8.952,32.3285,25.0352,1.6209e-02,0.1435,0.0006,6.5315,220.779,77.08287
59.442,8.9434,32.3316,25.0389,1.7218e-02,0.1427,0.0006,6.5326,220.079,76.82586
59.936,8.9406,32.3378,25.0442,9.0761e-03,0.1603,0.0006,6.5326,219.496,76.62108
60.393,8.9235,32.3445,25.0521,4.9522e-03,0.1633,0.0006,6.5333,219.273,76.51772
60.699,8.9134,32.3442,25.0534,3.5964e-03,0.1481,0.0007,6.5359,219.239,76.48883
61.007,8.9113,32.3436,25.0533,6.0752e-03,0.1427,0.0007,6.5409,219.262,76.49279
61.469,8.9139,32.3416,25.0513,1.8456e-03,0.1496,0.0006,6.5428,218.973,76.39542
61.989,8.9171,32.3503,25.0577,7.4620e-06,0.1549,0.0006,6.5435,218.613,76.27979
62.436,8.877,32.3665,25.0765,7.4620e-06,0.1496,0.0006,6.5454,218.829,76.29647
62.712,8.847,32.3601,25.0761,7.4620e-06,0.1427,0.0007,6.5459,219.211,76.37559
62.92,8.8327,32.3569,25.0758,1.0000e-12,0.1427,0.0007,6.5479,219.694,76.51787
63.246,8.8066,32.3596,25.0819,1.0000e-12,0.1427,0.0006,6.5464,220.018,76.58801
63.711,8.7923,32.3535,25.0793,1.0000e-12,0.145,0.0006,6.545,220.017,76.56011
64.174,8.7689,32.361,25.0887,7.4620e-06,0.1549,0.0007,6.5529,219.749,76.43117
64.521,8.7454,32.3583,25.0902,1.0000e-12,0.1527,0.0007,6.5574,219.614,76.34306
64.771,8.73,32.359,25.0931,1.0000e-12,0.1305,0.0007,6.5698,219.744,76.36234
65.128,8.7045,32.3678,25.1039,1.0000e-12,0.1305,0.0007,6.5722,219.763,76.33069
65.606,8.6531,32.3769,25.1188,1.0000e-12,0.1427,0.0007,6.5742,219.899,76.29598
66.094,8.5475,32.4071,25.1584,1.0000e-12,0.1427,0.0007,6.5847,220.214,76.24295
66.486,8.4271,32.3869,25.1605,1.0000e-12,0.1527,0.0009,6.5888,220.868,76.25346
66.816,8.4035,32.3877,25.1647,1.0000e-12,0.1549,0.0009,6.6017,220.996,76.25789
67.207,8.3446,32.3941,25.1784,1.0000e-12,0.1549,0.0009,6.6128,221.097,76.19613
67.658,8.3248,32.3877,25.1764,1.0000e-12,0.1549,0.001,6.6252,220.826,76.06546
68.099,8.3125,32.387,25.1777,1.0000e-12,0.1549,0.001,6.6467,220.288,75.85873
68.475,8.2761,32.3944,25.1888,1.0000e-12,0.1549,0.001,6.6563,219.866,75.6562
68.816,8.2415,32.3966,25.1957,1.0000e-12,0.1549,0.001,6.6845,219.447,75.45447
69.207,8.2254,32.3945,25.1963,1.0000e-12,0.1549,0.001,6.6909,218.857,75.2236
69.661,8.2123,32.3949,25.1986,1.0000e-12,0.1504,0.0011,6.699,218.257,74.99538
70.087,8.1961,32.397,25.2026,1.0000e-12,0.1435,0.0012,6.7237,217.55,74.72655
70.465,8.1825,32.3935,25.2019,1.0000e-12,0.1427,0.0012,6.7341,217.064,74.53522
70.866,8.174,32.3957,25.2048,1.0000e-12,0.1427,0.0012,6.7573,216.675,74.38852
71.298,8.1202,32.4167,25.2291,1.0000e-12,0.1427,0.0012,6.7612,216.515,74.25519
71.666,8.0892,32.4136,25.2312,1.0000e-12,0.1427,0.0013,6.7673,216.155,74.07864
71.994,8.0685,32.4226,25.2412,1.0000e-12,0.1427,0.0013,6.7736,215.667,73.88223
72.43,8.0467,32.4348,25.254,1.0000e-12,0.1427,0.0013,6.7756,215.399,73.76051
72.992,8.0285,32.445,25.2647,1.0000e-12,0.1427,0.0013,6.7944,215.064,73.62136
73.496,7.9875,32.48,25.298,1.0000e-12,0.1534,0.0014,6.8061,215.044,73.56544
73.819,7.958,32.4747,25.2982,1.0000e-12,0.1549,0.0014,6.8279,214.992,73.49621
74.095,7.9244,32.4905,25.3154,1.0000e-12,0.161,0.0014,6.8384,215.235,73.53187
74.51,7.7142,32.5722,25.4095,1.0000e-12,0.1633,0.0014,6.8445,216.095,73.52063
75.04,7.646,32.5378,25.3921,1.0000e-12,0.1427,0.0016,6.8615,216.372,73.48309
75.565,7.6388,32.5334,25.3896,1.0000e-12,0.1305,0.0017,6.8883,216.212,73.41454
75.97,7.6327,32.5328,25.39,1.0000e-12,0.1305,0.0017,6.9592,215.823,73.2717
76.237,7.6318,32.5296,25.3876,1.0000e-12,0.1305,0.0017,6.9865,215.721,73.23393
76.558,7.6312,32.528,25.3864,1.0000e-12,0.1259,0.0016,7.0043,215.662,73.2119
77.039,7.6312,32.5253,25.3844,1.0000e-12,0.1183,0.0014,6.9826,215.211,73.05773
77.589,7.6206,32.5287,25.3885,1.0000e-12,0.1176,0.0015,6.9754,214.627,72.84359
78.071,7.5958,32.5371,25.3986,1.0000e-12,0.1176,0.0017,6.9601,214.142,72.64258
78.421,7.5607,32.5454,25.41,1.0000e-12,0.1168,0.0016,6.9558,214.084,72.56969
78.73,7.5044,32.554,25.4246,1.0000e-12,0.1053,0.0015,6.952,214.444,72.60375
79.033,7.4858,32.552,25.4256,1.0000e-12,0.1053,0.0015,6.9366,214.332,72.53413
79.337,7.456,32.5611,25.437,1.0000e-12,0.1176,0.0014,6.932,214.107,72.41376
79.604,7.4173,32.5604,25.4418,1.0000e-12,0.1183,0.0014,6.9201,213.864,72.26761
79.824,7.4009,32.5605,25.444,1.0000e-12,0.1282,0.0015,6.9301,213.695,72.18371
80.089,7.3897,32.5631,25.4477,1.0000e-12,0.1305,0.0016,6.9399,213.815,72.2073
80.425,7.3896,32.5651,25.4492,1.0000e-12,0.1298,0.0017,6.9594,213.747,72.18524
80.713,7.3885,32.5668,25.4508,1.0000e-12,0.1305,0.0017,6.9718,213.536,72.11315
80.855,7.3869,32.5674,25.4515,1.0000e-12,0.1229,0.0017,7.03,213.373,72.05568
80.964,7.3875,32.5658,25.4501,1.0000e-12,0.1183,0.0017,7.0692,213.211,72.00128
81.162,7.3875,32.5652,25.4497,1.0000e-12,0.1237,0.0016,7.1172,213.124,71.97166
81.416,7.3876,32.565,25.4495,1.0000e-12,0.1305,0.0015,7.1227,213.049,71.94615
81.647,7.3838,32.5667,25.4514,1.0000e-12,0.1259,0.0016,7.1261,212.774,71.84788
81.844,7.3777,32.567,25.4524,1.0000e-12,0.1176,0.0017,7.1414,212.519,71.75208
82.041,7.3764,32.5666,25.4523,1.0000e-12,0.1229,0.0017,7.1477,212.067,71.59734
82.249,7.3685,32.5679,25.4544,1.0000e-12,0.1427,0.0016,7.1569,211.783,71.489
82.463,7.3655,32.5652,25.4527,1.0000e-12,0.1412,0.0016,7.1711,211.508,71.39013
82.676,7.3571,32.5667,25.455,1.0000e-12,0.1298,0.0017,7.1769,211.528,71.38395
82.933,7.3531,32.5643,25.4537,1.0000e-12,0.1298,0.0017,7.1914,211.887,71.49731
83.233,7.3383,32.5678,25.4584,1.0000e-12,0.1298,0.0018,7.195,212.183,71.57492
83.512,7.3367,32.5622,25.4543,1.0000e-12,0.1305,0.0018,7.2009,212.243,71.58951
83.729,7.334,32.5632,25.4554,1.0000e-12,0.1412,0.002,7.2144,212.148,71.55364
83.907,7.3339,32.5616,25.4542,1.0000e-12,0.1427,0.0021,7.2211,212.047,71.51872
84.037,7.3311,32.5627,25.4555,1.0000e-12,0.1328,0.0018,7.2471,212.283,71.59406
84.174,7.3248,32.5635,25.457,1.0000e-12,0.1298,0.0017,7.251,212.299,71.58978
84.394,7.3178,32.5616,25.4564,1.0000e-12,0.1298,0.0017,7.2593,212.276,71.56979
84.661,7.3178,32.5604,25.4555,1.0000e-12,0.1298,0.0018,7.2624,212.125,71.51827
84.896,7.3152,32.5619,25.457,1.0000e-12,0.1237,0.0019,7.2638,212.022,71.47979
85.075,7.3118,32.5613,25.457,1.0000e-12,0.1176,0.002,7.2758,212.101,71.50071
85.209,7.3137,32.5604,25.456,1.0000e-12,0.1259,0.0019,7.2815,212.067,71.49175
85.368,7.3116,32.5612,25.4569,1.0000e-12,0.142,0.0018,7.2956,211.746,71.38056
85.594,7.3104,32.5606,25.4566,1.0000e-12,0.1397,0.0018,7.2964,211.544,71.31033
85.863,7.3085,32.5606,25.4569,1.0000e-12,0.1298,0.0018,7.2968,211.373,71.24952
86.164,7.3022,32.5632,25.4598,1.0000e-12,0.1321,0.0019,7.3053,211.108,71.15152
86.447,7.2917,32.5641,25.462,1.0000e-12,0.1549,0.0022,7.3085,211.005,71.10036
86.646,7.2889,32.5635,25.4619,1.0000e-12,0.1542,0.0022,7.3149,210.913,71.06455
86.814,7.2848,32.564,25.4628,1.0000e-12,0.1305,0.0021,7.3185,210.852,71.0373
87.028,7.2808,32.5639,25.4633,1.0000e-12,0.1298,0.0021,7.3213,210.968,71.06993
87.257,7.281,32.5627,25.4624,1.0000e-12,0.1298,0.0018,7.3205,210.979,71.07331
87.471,7.281,32.5628,25.4624,1.0000e-12,0.1298,0.0018,7.3208,211,71.08041
87.657,7.2816,32.5617,25.4615,1.0000e-12,0.1298,0.0018,7.3221,210.889,71.04363
87.835,7.2775,32.5636,25.4635,1.0000e-12,0.1298,0.0018,7.3247,210.689,70.97035
88.034,7.2674,32.569,25.4692,1.0000e-12,0.1374,0.0018,7.328,210.653,70.9448
88.289,7.2358,32.5736,25.4771,1.0000e-12,0.142,0.0018,7.3266,210.9,70.97929
88.534,7.2293,32.5697,25.4749,1.0000e-12,0.1481,0.0019,7.3266,210.991,70.9975
88.706,7.2285,32.5687,25.4742,1.0000e-12,0.1542,0.002,7.3295,211.129,71.04187
88.857,7.2274,32.5686,25.4743,1.0000e-12,0.1504,0.0019,7.325,211.002,70.99721
89.091,7.2179,32.5735,25.4795,1.0000e-12,0.142,0.0018,7.3183,210.812,70.92055
89.398,7.2046,32.5774,25.4843,1.0000e-12,0.1427,0.0018,7.3237,210.735,70.87527
89.672,7.1897,32.5816,25.4896,1.0000e-12,0.142,0.002,7.3253,210.809,70.87814
89.848,7.183,32.584,25.4925,1.0000e-12,0.1397,0.002,7.3279,210.957,70.91845
90.003,7.1852,32.584,25.4922,1.0000e-12,0.1176,0.0019,7.3252,210.951,70.92003
90.275,7.1882,32.5839,25.4917,1.0000e-12,0.1176,0.0019,7.32,210.792,70.87134
90.63,7.1913,32.5826,25.4902,1.0000e-12,0.142,0.0019,7.3199,210.466,70.76622
90.908,7.1918,32.5854,25.4924,1.0000e-12,0.1427,0.0019,7.3199,210.278,70.70521
91.128,7.1935,32.5831,25.4904,1.0000e-12,0.1321,0.0023,7.3482,210.187,70.67601
91.408,7.1965,32.5844,25.491,1.0000e-12,0.1298,0.0023,7.3482,210.255,70.70459
91.714,7.1958,32.5838,25.4906,1.0000e-12,0.1389,0.0022,7.3472,210.395,70.75006
91.985,7.1983,32.5841,25.4905,1.0000e-12,0.1427,0.0021,7.3295,210.46,70.77629
92.25,7.1978,32.585,25.4913,1.0000e-12,0.1427,0.0022,7.3181,210.554,70.80767
92.529,7.192,32.5864,25.4932,1.0000e-12,0.1427,0.0022,7.3114,210.67,70.83772
92.813,7.1905,32.5847,25.492,1.0000e-12,0.1366,0.0021,7.3056,210.879,70.90489
93.109,7.1921,32.5839,25.4912,1.0000e-12,0.1305,0.0021,7.2894,210.939,70.92706
93.395,7.1965,32.5852,25.4916,1.0000e-12,0.1298,0.0021,7.2807,211.044,70.97035
93.635,7.192,32.5888,25.4951,1.0000e-12,0.1298,0.0021,7.2734,211.202,71.01789
93.837,7.1849,32.5893,25.4964,1.0000e-12,0.1328,0.0021,7.2714,211.321,71.04661
94.062,7.182,32.5919,25.4989,1.0000e-12,0.142,0.002,7.2712,211.516,71.10905
94.356,7.1675,32.5957,25.5038,1.0000e-12,0.1404,0.002,7.2713,211.605,71.11737
94.682,7.1526,32.5994,25.5088,1.0000e-12,0.1298,0.002,7.2694,211.62,71.10025
94.969,7.1116,32.612,25.5242,1.0000e-12,0.1298,0.002,7.2662,211.897,71.13313
95.202,7.0868,32.6017,25.5194,1.0000e-12,0.1053,0.0022,7.2878,211.979,71.11503
95.457,7.0885,32.6104,25.5261,1.0000e-12,0.1046,0.0022,7.2922,212.063,71.15043
95.761,7.0655,32.6242,25.54,1.0000e-12,0.116,0.0022,7.2948,212.223,71.17389
96.04,7.0266,32.6285,25.5486,1.0000e-12,0.1176,0.0022,7.2951,212.251,71.12248
96.252,7.0138,32.6242,25.5469,1.0000e-12,0.1443,0.0023,7.2946,212.187,71.07777
96.485,6.9744,32.6388,25.5637,1.0000e-12,0.1542,0.0023,7.3282,212.126,71.00102
96.792,6.9504,32.6309,25.5607,1.0000e-12,0.1473,0.0023,7.3409,212.149,70.96539
97.12,6.9417,32.6288,25.5602,1.0000e-12,0.1427,0.0024,7.372,212.238,70.97998
97.378,6.9378,32.6257,25.5583,1.0000e-12,0.1427,0.0025,7.4051,212.142,70.93995
97.545,6.9378,32.624,25.5569,1.0000e-12,0.1427,0.0028,7.4485,211.936,70.87025
97.7,6.9359,32.6234,25.5567,1.0000e-12,0.1427,0.0026,7.4892,211.632,70.76521
97.934,6.9362,32.6223,25.5558,1.0000e-12,0.1427,0.0022,7.5051,211.277,70.6464
98.261,6.919,32.6294,25.5637,1.0000e-12,0.145,0.0023,7.528,210.976,70.52172
98.6,6.9058,32.6235,25.5608,1.0000e-12,0.1542,0.0026,7.5422,210.707,70.40729
98.877,6.906,32.621,25.5588,1.0000e-12,0.1527,0.0027,7.5673,210.262,70.25746
99.125,6.9002,32.6234,25.5615,1.0000e-12,0.142,0.0028,7.5988,209.885,70.12335
99.375,6.8923,32.6234,25.5625,1.0000e-12,0.142,0.0028,7.6126,209.443,69.96311
99.627,6.886,32.6228,25.5629,1.0000e-12,0.1542,0.003,7.6382,209.154,69.85617
99.906,6.8843,32.6219,25.5624,1.0000e-12,0.1542,0.003,7.65,208.945,69.78322
100.254,6.8797,32.6228,25.5637,1.0000e-12,0.161,0.003,7.6736,208.622,69.6683
100.631,6.8787,32.621,25.5624,1.0000e-12,0.1626,0.0031,7.6907,208.327,69.56757
100.915,6.879,32.6203,25.5618,1.0000e-12,0.1626,0.0033,7.6997,207.845,69.4066
101.082,6.8787,32.6204,25.562,1.0000e-12,0.1626,0.0034,7.7685,207.614,69.32898
101.247,6.8739,32.6211,25.5631,1.0000e-12,0.1633,0.003,7.7783,207.439,69.26337
101.508,6.873,32.6214,25.5635,1.0000e-12,0.1633,0.0028,7.7964,207.319,69.2221
101.797,6.8673,32.6214,25.5642,1.0000e-12,0.1633,0.0029,7.7915,207.271,69.19695
102.016,6.8645,32.6213,25.5646,1.0000e-12,0.1633,0.003,7.7873,207.065,69.12353
102.202,6.8644,32.6207,25.5641,1.0000e-12,0.1633,0.003,7.7973,206.983,69.09592
102.361,6.8653,32.6203,25.5637,1.0000e-12,0.1633,0.0029,7.8022,206.793,69.03353
102.473,6.8639,32.6207,25.5641,1.0000e-12,0.1633,0.0028,7.8151,206.79,69.03049
102.563,6.8623,32.6212,25.5648,1.0000e-12,0.1633,0.0025,7.8173,206.812,69.03551
102.669,6.8611,32.621,25.5648,1.0000e-12,0.1641,0.0026,7.8188,206.851,69.04669
102.822,6.8634,32.6197,25.5635,1.0000e-12,0.1748,0.0027,7.8154,207.032,69.11028
102.963,6.8633,32.6202,25.5638,1.0000e-12,0.1755,0.0027,7.8164,206.96,69.08608
103.05,6.8608,32.6213,25.5651,1.0000e-12,0.1748,0.0026,7.8243,206.858,69.04871
103.141,6.8584,32.6214,25.5655,1.0000e-12,0.1755,0.0026,7.8207,206.53,68.93534
103.325,6.8586,32.6207,25.5649,1.0000e-12,0.1748,0.0026,7.8161,206.346,68.87381
103.552,6.8584,32.6207,25.5649,1.0000e-12,0.1748,0.0026,7.818,206.483,68.9195
103.673,6.8588,32.6204,25.5646,1.0000e-12,0.1603,0.0029,7.8217,206.587,68.95454
103.75,6.859,32.6203,25.5645,1.0000e-12,0.1549,0.003,7.8409,206.733,69.00351
103.963,6.8583,32.6202,25.5645,1.0000e-12,0.1748,0.0029,7.8358,206.905,69.06005
104.262,6.8605,32.6188,25.5632,1.0000e-12,0.1877,0.0028,7.8292,206.911,69.06466
104.468,6.8605,32.6196,25.5638,1.0000e-12,0.1717,0.003,7.9293,207.146,69.1437
104.598,6.8607,32.6192,25.5634,1.0000e-12,0.1549,0.0033,7.9501,207.267,69.18398
104.737,6.8582,32.6206,25.5648,1.0000e-12,0.158,0.0031,7.8594,207.289,69.18793
104.921,6.8567,32.621,25.5654,1.0000e-12,0.1633,0.0028,7.8601,207.072,69.11353
105.135,6.8562,32.6203,25.5649,1.0000e-12,0.1687,0.0028,7.8598,206.783,69.01576
105.339,6.8567,32.6202,25.5647,1.0000e-12,0.187,0.0029,7.8406,206.529,68.9319
105.495,6.8548,32.6215,25.566,1.0000e-12,0.1839,0.0029,7.8338,206.455,68.90491
105.643,6.8499,32.6235,25.5683,1.0000e-12,0.1549,0.003,7.8321,206.688,68.97563
105.846,6.8462,32.6255,25.5704,1.0000e-12,0.1549,0.003,7.8348,206.94,69.05504
106.08,6.8421,32.6274,25.5724,1.0000e-12,0.1626,0.0027,7.8381,207.178,69.12887
106.274,6.8398,32.6284,25.5734,1.0000e-12,0.1626,0.0027,7.8357,207.275,69.15822
106.454,6.8391,32.6284,25.5736,1.0000e-12,0.1557,0.0031,7.8347,207.041,69.07897
106.624,6.8385,32.6286,25.5738,1.0000e-12,0.1549,0.0031,7.8528,206.685,68.9592
106.747,6.8361,32.6303,25.5755,1.0000e-12,0.1702,0.0029,7.8551,206.516,68.89998
106.81,6.8355,32.6302,25.5755,1.0000e-12,0.1755,0.0028,7.8587,206.492,68.89106
106.846,6.8364,32.6291,25.5745,1.0000e-12,0.1679,0.0027,7.8604,206.761,68.98161
106.818,6.8398,32.6272,25.5725,1.0000e-12,0.1633,0.0026,7.8608,206.938,69.04501
106.747,6.8403,32.6272,25.5724,1.0000e-12,0.1633,0.0026,7.8561,206.89,69.02993
106.682,6.8423,32.6257,25.571,1.0000e-12,0.1626,0.0026,7.8527,206.852,69.01964
106.709,6.845,32.625,25.5701,1.0000e-12,0.1626,0.0026,7.8432,207.008,69.07568
106.801,6.842,32.6269,25.572,1.0000e-12,0.1626,0.0026,7.8442,207.291,69.16613
106.879,6.8398,32.628,25.5732,1.0000e-12,0.1687,0.0026,7.8443,207.534,69.24442
106.884,6.8384,32.6277,25.5731,1.0000e-12,0.187,0.0027,7.8732,207.738,69.31027
106.838,6.8419,32.6255,25.5709,1.0000e-12,0.1847,0.0026,7.873,207.784,69.32988
106.831,6.8456,32.6235,25.5688,1.0000e-12,0.1633,0.0025,7.8625,207.883,69.36764
106.891,6.8431,32.6257,25.5709,1.0000e-12,0.1633,0.0025,7.8648,207.891,69.36747
106.927,6.8441,32.6246,25.5699,1.0000e-12,0.1748,0.0026,7.865,207.732,69.31552
