"Station","Latitude","Longitude","Depth","Temperature"
1,43.903,-69.578,0.917,17.9205
1,43.903,-69.578,0.92,17.9189
1,43.903,-69.578,0.916,17.9189
1,43.903,-69.578,0.916,17.9106
1,43.903,-69.578,0.921,17.8928
1,43.903,-69.578,0.916,17.9032
1,43.903,-69.578,0.913,17.9054
1,43.903,-69.578,0.919,17.8895
1,43.903,-69.578,0.924,17.8898
1,43.903,-69.578,0.915,17.8897
1,43.903,-69.578,0.913,17.8862
1,43.903,-69.578,0.919,17.8884
1,43.903,-69.578,0.919,17.8963
1,43.903,-69.578,0.917,17.9044
1,43.903,-69.578,0.919,17.9054
1,43.903,-69.578,0.92,17.8978
1,43.903,-69.578,0.918,17.8943
1,43.903,-69.578,0.917,17.8961
1,43.903,-69.578,0.923,17.8963
1,43.903,-69.578,0.92,17.898
1,43.903,-69.578,0.916,17.8938
1,43.903,-69.578,0.92,17.8701
1,43.903,-69.578,0.921,17.8583
1,43.903,-69.578,0.918,17.87
1,43.903,-69.578,0.918,17.8832
1,43.903,-69.578,0.922,17.8888
1,43.903,-69.578,0.975,17.8807
1,43.903,-69.578,1.126,17.8177
1,43.903,-69.578,1.296,17.5676
1,43.903,-69.578,1.447,17.5261
1,43.903,-69.578,1.475,17.5437
1,43.903,-69.578,1.474,17.5445
1,43.903,-69.578,1.476,17.5379
1,43.903,-69.578,1.471,17.5551
1,43.903,-69.578,1.479,17.5644
1,43.903,-69.578,1.559,17.5082
1,43.903,-69.578,1.652,17.4499
1,43.903,-69.578,1.745,17.4432
1,43.903,-69.578,1.839,17.4344
1,43.903,-69.578,1.933,17.4354
1,43.903,-69.578,2.032,17.4254
1,43.903,-69.578,2.13,17.4063
1,43.903,-69.578,2.229,17.3951
1,43.903,-69.578,2.333,17.3939
1,43.903,-69.578,2.437,17.3912
1,43.903,-69.578,2.539,17.3884
1,43.903,-69.578,2.636,17.3901
1,43.903,-69.578,2.734,17.386
1,43.903,-69.578,2.838,17.3853
1,43.903,-69.578,2.954,17.3703
1,43.903,-69.578,3.072,17.3682
1,43.903,-69.578,3.188,17.3673
1,43.903,-69.578,3.308,17.3647
1,43.903,-69.578,3.432,17.3654
1,43.903,-69.578,3.555,17.3669
1,43.903,-69.578,3.673,17.359
1,43.903,-69.578,3.791,17.3589
1,43.903,-69.578,3.91,17.3605
1,43.903,-69.578,4.031,17.3505
1,43.903,-69.578,4.155,17.3471
1,43.903,-69.578,4.275,17.3494
1,43.903,-69.578,4.395,17.3437
1,43.903,-69.578,4.518,17.3405
1,43.903,-69.578,4.638,17.342
1,43.903,-69.578,4.76,17.3376
1,43.903,-69.578,4.888,17.3347
1,43.903,-69.578,5.019,17.3341
1,43.903,-69.578,5.15,17.2815
1,43.903,-69.578,5.276,17.2496
1,43.903,-69.578,5.408,17.2365
1,43.903,-69.578,5.54,17.2309
1,43.903,-69.578,5.674,17.2296
1,43.903,-69.578,5.805,17.2264
1,43.903,-69.578,5.936,17.2258
1,43.903,-69.578,6.072,17.2249
1,43.903,-69.578,6.21,17.2246
1,43.903,-69.578,6.351,17.2256
1,43.903,-69.578,6.484,17.2254
1,43.903,-69.578,6.624,17.2243
1,43.903,-69.578,6.768,17.2198
1,43.903,-69.578,6.909,17.214
1,43.903,-69.578,7.048,17.2118
1,43.903,-69.578,7.193,17.2082
1,43.903,-69.578,7.332,17.2061
1,43.903,-69.578,7.473,17.1951
1,43.903,-69.578,7.618,17.1951
1,43.903,-69.578,7.766,17.1943
1,43.903,-69.578,7.913,17.1932
1,43.903,-69.578,8.059,17.1927
1,43.903,-69.578,8.202,17.1941
1,43.903,-69.578,8.35,17.1967
1,43.903,-69.578,8.499,17.1993
1,43.903,-69.578,8.648,17.1989
1,43.903,-69.578,8.801,17.1961
1,43.903,-69.578,8.947,17.1966
1,43.903,-69.578,9.099,17.1915
1,43.903,-69.578,9.248,17.1838
1,43.903,-69.578,9.401,17.1865
1,43.903,-69.578,9.553,17.1876
1,43.903,-69.578,9.704,17.187
1,43.903,-69.578,9.853,17.1924
1,43.903,-69.578,10.002,17.1866
1,43.903,-69.578,10.149,17.1885
1,43.903,-69.578,10.305,17.19
1,43.903,-69.578,10.457,17.1885
1,43.903,-69.578,10.605,17.186
1,43.903,-69.578,10.759,17.1867
1,43.903,-69.578,10.911,17.1884
1,43.903,-69.578,11.065,17.1877
1,43.903,-69.578,11.219,17.1872
1,43.903,-69.578,11.369,17.1845
1,43.903,-69.578,11.521,17.1834
1,43.903,-69.578,11.684,17.1874
1,43.903,-69.578,11.844,17.1858
1,43.903,-69.578,12.002,17.1859
1,43.903,-69.578,12.16,17.1856
1,43.903,-69.578,12.32,17.1877
1,43.903,-69.578,12.476,17.1891
1,43.903,-69.578,12.635,17.1891
1,43.903,-69.578,12.791,17.189
1,43.903,-69.578,12.945,17.1888
1,43.903,-69.578,13.101,17.1879
1,43.903,-69.578,13.259,17.1857
1,43.903,-69.578,13.418,17.1865
1,43.903,-69.578,13.574,17.186
1,43.903,-69.578,13.73,17.1876
1,43.903,-69.578,13.89,17.1846
1,43.903,-69.578,14.044,17.1866
1,43.903,-69.578,14.202,17.1881
1,43.903,-69.578,14.355,17.1877
1,43.903,-69.578,14.483,17.1841
1,43.903,-69.578,14.605,17.1887
1,43.903,-69.578,14.724,17.1745
1,43.903,-69.578,14.842,17.177
1,43.903,-69.578,14.963,17.1787
1,43.903,-69.578,15.09,17.1821
1,43.903,-69.578,15.218,17.1824
1,43.903,-69.578,15.347,17.1811
1,43.903,-69.578,15.474,17.1688
1,43.903,-69.578,15.608,17.1748
1,43.903,-69.578,15.739,17.1693
1,43.903,-69.578,15.868,17.1602
1,43.903,-69.578,15.996,17.1632
1,43.903,-69.578,16.126,17.1589
1,43.903,-69.578,16.26,17.1627
1,43.903,-69.578,16.389,17.1697
1,43.903,-69.578,16.515,17.1636
1,43.903,-69.578,16.642,17.164
1,43.903,-69.578,16.776,17.1646
1,43.903,-69.578,16.909,17.1715
1,43.903,-69.578,17.041,17.1809
1,43.903,-69.578,17.168,17.1841
1,43.903,-69.578,17.295,17.1841
1,43.903,-69.578,17.428,17.18
1,43.903,-69.578,17.558,17.172
1,43.903,-69.578,17.689,17.1709
1,43.903,-69.578,17.816,17.1689
1,43.903,-69.578,17.941,17.1658
1,43.903,-69.578,18.066,17.1642
1,43.903,-69.578,18.156,17.1605
1,43.903,-69.578,18.226,17.1543
1,43.903,-69.578,18.314,17.1548
1,43.903,-69.578,18.421,17.1587
1,43.903,-69.578,18.528,17.1548
1,43.903,-69.578,18.638,17.1582
1,43.903,-69.578,18.748,17.1392
1,43.903,-69.578,18.859,17.1361
1,43.903,-69.578,18.968,17.1371
1,43.903,-69.578,19.079,17.1374
1,43.903,-69.578,19.191,17.1372
1,43.903,-69.578,19.301,17.1338
1,43.903,-69.578,19.409,17.1195
1,43.903,-69.578,19.52,17.1332
1,43.903,-69.578,19.631,17.1126
1,43.903,-69.578,19.738,17.1099
1,43.903,-69.578,19.849,17.1118
1,43.903,-69.578,19.96,17.1107
1,43.903,-69.578,20.068,17.1163
1,43.903,-69.578,20.179,17.1192
1,43.903,-69.578,20.29,17.1174
1,43.903,-69.578,20.397,17.113
1,43.903,-69.578,20.507,17.1101
1,43.903,-69.578,20.619,17.1142
1,43.903,-69.578,20.731,17.0965
1,43.903,-69.578,20.84,17.0971
1,43.903,-69.578,20.951,17.0984
1,43.903,-69.578,21.058,17.0987
1,43.903,-69.578,21.165,17.0996
1,43.903,-69.578,21.278,17.0991
1,43.903,-69.578,21.392,17.1001
1,43.903,-69.578,21.5,17.1002
1,43.903,-69.578,21.606,17.0983
1,43.903,-69.578,21.712,17.0934
1,43.903,-69.578,21.823,17.0904
1,43.903,-69.578,21.936,17.0919
1,43.903,-69.578,22.046,17.0933
1,43.903,-69.578,22.156,17.0935
1,43.903,-69.578,22.263,17.0928
1,43.903,-69.578,22.38,17.0911
1,43.903,-69.578,22.506,17.0922
1,43.903,-69.578,22.635,17.0961
1,43.903,-69.578,22.76,17.0955
1,43.903,-69.578,22.886,17.0898
1,43.903,-69.578,23.01,17.0902
1,43.903,-69.578,23.134,17.0924
1,43.903,-69.578,23.256,17.0959
1,43.903,-69.578,23.384,17.092
1,43.903,-69.578,23.511,17.0934
1,43.903,-69.578,23.637,17.0892
1,43.903,-69.578,23.759,17.0877
1,43.903,-69.578,23.888,17.085
1,43.903,-69.578,24.014,17.0809
1,43.903,-69.578,24.138,17.0803
1,43.903,-69.578,24.264,17.0747
1,43.903,-69.578,24.386,17.0775
1,43.903,-69.578,24.512,17.0806
1,43.903,-69.578,24.641,17.0726
1,43.903,-69.578,24.766,17.0773
1,43.903,-69.578,24.889,17.0616
1,43.903,-69.578,25.017,17.0534
1,43.903,-69.578,25.146,17.0415
1,43.903,-69.578,25.273,17.0375
1,43.903,-69.578,25.396,17.0412
1,43.903,-69.578,25.519,17.0384
1,43.903,-69.578,25.651,17.0392
1,43.903,-69.578,25.782,17.0385
1,43.903,-69.578,25.914,17.0396
1,43.903,-69.578,26.046,17.0411
1,43.903,-69.578,26.183,17.0377
1,43.903,-69.578,26.32,17.0387
1,43.903,-69.578,26.455,17.0367
1,43.903,-69.578,26.588,17.0355
1,43.903,-69.578,26.725,17.0358
1,43.903,-69.578,26.862,17.0265
1,43.903,-69.578,26.997,17.0247
1,43.903,-69.578,27.132,17.0245
1,43.903,-69.578,27.268,17.0237
1,43.903,-69.578,27.403,17.0238
1,43.903,-69.578,27.545,17.0213
1,43.903,-69.578,27.683,17.0214
1,43.903,-69.578,27.814,17.0233
1,43.903,-69.578,27.949,17.018
1,43.903,-69.578,28.088,17.0161
1,43.903,-69.578,28.223,17.0144
1,43.903,-69.578,28.359,17.0136
1,43.903,-69.578,28.497,17.0124
1,43.903,-69.578,28.63,17.0125
1,43.903,-69.578,28.768,17.0117
1,43.903,-69.578,28.904,17.0095
1,43.903,-69.578,29.039,17.0093
1,43.903,-69.578,29.175,17.0086
1,43.903,-69.578,29.313,17.0049
1,43.903,-69.578,29.45,17.0036
1,43.903,-69.578,29.583,17.0017
1,43.903,-69.578,29.717,16.9989
1,43.903,-69.578,29.852,16.9983
1,43.903,-69.578,29.959,16.9982
1,43.903,-69.578,29.972,16.9987
1,43.903,-69.578,29.972,16.9989
1,43.903,-69.578,29.972,16.9984
1,43.903,-69.578,29.971,16.9984
1,43.903,-69.578,29.975,16.9984
1,43.903,-69.578,29.978,16.9986
1,43.903,-69.578,29.98,17.0006
1,43.903,-69.578,29.978,17.0046
1,43.903,-69.578,29.975,17.0044
1,43.903,-69.578,29.977,17.004
1,43.903,-69.578,29.981,17.0026
1,43.903,-69.578,29.983,17.0008
1,43.903,-69.578,29.978,16.9996
1,43.903,-69.578,29.977,16.9991
1,43.903,-69.578,29.977,16.9988
1,43.903,-69.578,29.982,16.9946
1,43.903,-69.578,29.984,16.9942
1,43.903,-69.578,29.983,16.9958
1,43.903,-69.578,29.98,16.9957
1,43.903,-69.578,29.982,16.9967
1,43.903,-69.578,29.985,16.9982
1,43.903,-69.578,29.986,16.9982
1,43.903,-69.578,29.984,16.9986
1,43.903,-69.578,29.983,16.9986
1,43.903,-69.578,29.982,16.9992
1,43.903,-69.578,29.983,16.9991
1,43.903,-69.578,29.986,16.9992
1,43.903,-69.578,29.988,16.9987
1,43.903,-69.578,29.987,16.9995
1,43.903,-69.578,29.985,16.9994
1,43.903,-69.578,29.986,16.9996
1,43.903,-69.578,29.987,17.0001
1,43.903,-69.578,29.991,17.0002
2,43.863,-69.575,0.877,16.9229
2,43.863,-69.575,0.883,16.929
2,43.863,-69.575,0.882,16.891
2,43.863,-69.575,0.874,16.8849
2,43.863,-69.575,0.877,16.884
2,43.863,-69.575,0.885,16.8806
2,43.863,-69.575,0.887,16.8862
2,43.863,-69.575,0.88,16.8796
2,43.863,-69.575,0.875,16.8743
2,43.863,-69.575,0.876,16.8184
2,43.863,-69.575,0.876,16.8338
2,43.863,-69.575,0.878,16.8397
2,43.863,-69.575,0.878,16.8155
2,43.863,-69.575,0.875,16.8254
2,43.863,-69.575,0.879,16.8288
2,43.863,-69.575,0.881,16.8686
2,43.863,-69.575,0.876,16.862
2,43.863,-69.575,0.874,16.8904
2,43.863,-69.575,0.878,16.8731
2,43.863,-69.575,0.882,16.8778
2,43.863,-69.575,0.877,16.8698
2,43.863,-69.575,0.867,16.8606
2,43.863,-69.575,0.87,16.8222
2,43.863,-69.575,0.876,16.8434
2,43.863,-69.575,0.904,16.8629
2,43.863,-69.575,0.997,16.886
2,43.863,-69.575,1.098,16.8307
2,43.863,-69.575,1.2,16.7877
2,43.863,-69.575,1.298,16.7811
2,43.863,-69.575,1.405,16.7708
2,43.863,-69.575,1.515,16.7745
2,43.863,-69.575,1.622,16.8057
2,43.863,-69.575,1.727,16.7802
2,43.863,-69.575,1.849,16.7768
2,43.863,-69.575,1.981,16.7773
2,43.863,-69.575,2.11,16.7984
2,43.863,-69.575,2.236,16.8174
2,43.863,-69.575,2.362,16.781
2,43.863,-69.575,2.49,16.7743
2,43.863,-69.575,2.625,16.7716
2,43.863,-69.575,2.757,16.7679
2,43.863,-69.575,2.89,16.7628
2,43.863,-69.575,3.034,16.7611
2,43.863,-69.575,3.191,16.7655
2,43.863,-69.575,3.356,16.7732
2,43.863,-69.575,3.511,16.7769
2,43.863,-69.575,3.646,16.773
2,43.863,-69.575,3.768,16.7739
2,43.863,-69.575,3.904,16.7573
2,43.863,-69.575,4.073,16.7526
2,43.863,-69.575,4.255,16.7463
2,43.863,-69.575,4.409,16.7376
2,43.863,-69.575,4.516,16.7577
2,43.863,-69.575,4.617,16.7633
2,43.863,-69.575,4.765,16.7601
2,43.863,-69.575,4.974,16.7559
2,43.863,-69.575,5.175,16.7344
2,43.863,-69.575,5.311,16.7167
2,43.863,-69.575,5.394,16.7268
2,43.863,-69.575,5.488,16.723
2,43.863,-69.575,5.652,16.7172
2,43.863,-69.575,5.864,16.7054
2,43.863,-69.575,6.048,16.6977
2,43.863,-69.575,6.166,16.696
2,43.863,-69.575,6.255,16.6925
2,43.863,-69.575,6.383,16.6985
2,43.863,-69.575,6.572,16.692
2,43.863,-69.575,6.772,16.6882
2,43.863,-69.575,6.926,16.6998
2,43.863,-69.575,7.039,16.6586
2,43.863,-69.575,7.15,16.671
2,43.863,-69.575,7.292,16.6433
2,43.863,-69.575,7.448,16.6273
2,43.863,-69.575,7.602,16.6286
2,43.863,-69.575,7.755,16.6196
2,43.863,-69.575,7.912,16.6158
2,43.863,-69.575,8.067,16.6247
2,43.863,-69.575,8.199,16.6264
2,43.863,-69.575,8.321,16.6235
2,43.863,-69.575,8.47,16.6259
2,43.863,-69.575,8.651,16.6179
2,43.863,-69.575,8.823,16.6067
2,43.863,-69.575,8.954,16.6075
2,43.863,-69.575,9.053,16.6148
2,43.863,-69.575,9.173,16.6113
2,43.863,-69.575,9.342,16.5997
2,43.863,-69.575,9.535,16.5936
2,43.863,-69.575,9.698,16.5697
2,43.863,-69.575,9.83,16.5545
2,43.863,-69.575,9.947,16.5623
2,43.863,-69.575,10.076,16.5672
2,43.863,-69.575,10.227,16.5658
2,43.863,-69.575,10.399,16.5667
2,43.863,-69.575,10.585,16.5572
2,43.863,-69.575,10.75,16.544
2,43.863,-69.575,10.875,16.5439
2,43.863,-69.575,10.976,16.5449
2,43.863,-69.575,11.102,16.5434
2,43.863,-69.575,11.285,16.5413
2,43.863,-69.575,11.492,16.5402
2,43.863,-69.575,11.663,16.5394
2,43.863,-69.575,11.772,16.5291
2,43.863,-69.575,11.858,16.5312
2,43.863,-69.575,11.988,16.5299
2,43.863,-69.575,12.165,16.5283
2,43.863,-69.575,12.357,16.5292
2,43.863,-69.575,12.522,16.5265
2,43.863,-69.575,12.648,16.5276
2,43.863,-69.575,12.747,16.5279
2,43.863,-69.575,12.867,16.5297
2,43.863,-69.575,13.038,16.5295
2,43.863,-69.575,13.236,16.5315
2,43.863,-69.575,13.415,16.5212
2,43.863,-69.575,13.532,16.5134
2,43.863,-69.575,13.612,16.5138
2,43.863,-69.575,13.707,16.5137
2,43.863,-69.575,13.867,16.5135
2,43.863,-69.575,14.065,16.5131
2,43.863,-69.575,14.25,16.5114
2,43.863,-69.575,14.384,16.5144
2,43.863,-69.575,14.471,16.5114
2,43.863,-69.575,14.564,16.5115
2,43.863,-69.575,14.715,16.5047
2,43.863,-69.575,14.924,16.505
2,43.863,-69.575,15.129,16.4845
2,43.863,-69.575,15.266,16.474
2,43.863,-69.575,15.339,16.4673
2,43.863,-69.575,15.425,16.4641
2,43.863,-69.575,15.578,16.4599
2,43.863,-69.575,15.778,16.4623
2,43.863,-69.575,15.962,16.4588
2,43.863,-69.575,16.102,16.467
2,43.863,-69.575,16.205,16.4601
2,43.863,-69.575,16.304,16.4577
2,43.863,-69.575,16.44,16.4486
2,43.863,-69.575,16.623,16.3869
2,43.863,-69.575,16.823,16.3603
2,43.863,-69.575,16.989,16.4188
2,43.863,-69.575,17.096,16.4225
2,43.863,-69.575,17.182,16.4282
2,43.863,-69.575,17.305,16.3557
2,43.863,-69.575,17.471,16.3608
2,43.863,-69.575,17.651,16.3535
2,43.863,-69.575,17.814,16.3484
2,43.863,-69.575,17.948,16.3466
2,43.863,-69.575,18.048,16.3427
2,43.863,-69.575,18.162,16.3402
2,43.863,-69.575,18.328,16.3412
2,43.863,-69.575,18.533,16.3151
2,43.863,-69.575,18.709,16.2471
2,43.863,-69.575,18.827,16.2549
2,43.863,-69.575,18.924,16.2201
2,43.863,-69.575,19.039,16.1363
2,43.863,-69.575,19.192,16.1043
2,43.863,-69.575,19.373,16.0651
2,43.863,-69.575,19.545,16.0364
2,43.863,-69.575,19.68,15.9921
2,43.863,-69.575,19.776,15.9916
2,43.863,-69.575,19.882,15.9888
2,43.863,-69.575,20.042,15.9828
2,43.863,-69.575,20.221,15.9856
2,43.863,-69.575,20.31,15.9844
2,43.863,-69.575,20.322,15.9794
2,43.863,-69.575,20.298,15.9773
2,43.863,-69.575,20.265,15.9806
2,43.863,-69.575,20.25,15.9865
2,43.863,-69.575,20.274,15.9828
2,43.863,-69.575,20.308,15.9735
2,43.863,-69.575,20.317,15.9746
2,43.863,-69.575,20.293,15.981
2,43.863,-69.575,20.264,15.9899
2,43.863,-69.575,20.255,15.9932
2,43.863,-69.575,20.268,15.9842
2,43.863,-69.575,20.297,15.9915
2,43.863,-69.575,20.314,15.9883
2,43.863,-69.575,20.302,16.0045
2,43.863,-69.575,20.264,16.014
2,43.863,-69.575,20.245,16.0174
2,43.863,-69.575,20.261,16.0431
2,43.863,-69.575,20.294,16.1228
2,43.863,-69.575,20.319,16.1247
2,43.863,-69.575,20.319,16.0971
2,43.863,-69.575,20.288,16.1491
2,43.863,-69.575,20.25,16.145
2,43.863,-69.575,20.249,16.1363
2,43.863,-69.575,20.283,16.1624
2,43.863,-69.575,20.312,16.2017
2,43.863,-69.575,20.305,16.1359
2,43.863,-69.575,20.277,16.1375
2,43.863,-69.575,20.25,16.133
2,43.863,-69.575,20.248,16.1207
2,43.863,-69.575,20.27,16.1141
2,43.863,-69.575,20.302,16.1226
2,43.863,-69.575,20.313,16.0744
2,43.863,-69.575,20.29,16.0448
2,43.863,-69.575,20.26,16.0606
2,43.863,-69.575,20.253,16.0887
2,43.863,-69.575,20.298,16.0933
2,43.863,-69.575,20.387,16.0674
2,43.863,-69.575,20.458,16.0723
2,43.863,-69.575,20.498,16.0935
2,43.863,-69.575,20.52,16.0938
2,43.863,-69.575,20.559,16.0935
2,43.863,-69.575,20.634,16.1385
2,43.863,-69.575,20.724,16.1485
2,43.863,-69.575,20.801,16.1609
2,43.863,-69.575,20.858,16.1179
2,43.863,-69.575,20.907,16.0929
2,43.863,-69.575,20.972,16.1467
2,43.863,-69.575,21.067,16.0899
2,43.863,-69.575,21.171,16.0121
2,43.863,-69.575,21.249,15.9733
2,43.863,-69.575,21.298,15.9728
2,43.863,-69.575,21.34,15.9728
2,43.863,-69.575,21.416,15.9706
2,43.863,-69.575,21.478,15.9739
2,43.863,-69.575,21.514,15.9726
2,43.863,-69.575,21.516,15.975
2,43.863,-69.575,21.49,15.9821
2,43.863,-69.575,21.454,16.003
2,43.863,-69.575,21.439,16.0114
2,43.863,-69.575,21.454,16.0067
2,43.863,-69.575,21.49,16.0004
2,43.863,-69.575,21.511,15.9975
2,43.863,-69.575,21.499,16.0063
2,43.863,-69.575,21.466,16.021
2,43.863,-69.575,21.446,16.0294
2,43.863,-69.575,21.462,16.0413
2,43.863,-69.575,21.5,16.0509
2,43.863,-69.575,21.523,16.0293
2,43.863,-69.575,21.507,16.0749
2,43.863,-69.575,21.472,16.0695
2,43.863,-69.575,21.451,16.0711
2,43.863,-69.575,21.464,16.0792
2,43.863,-69.575,21.493,16.0724
2,43.863,-69.575,21.502,16.0795
2,43.863,-69.575,21.479,16.0872
2,43.863,-69.575,21.448,16.0843
2,43.863,-69.575,21.439,16.0782
2,43.863,-69.575,21.461,16.0724
2,43.863,-69.575,21.503,16.0753
2,43.863,-69.575,21.53,16.0642
2,43.863,-69.575,21.522,16.0696
2,43.863,-69.575,21.488,16.0736
2,43.863,-69.575,21.458,16.0736
2,43.863,-69.575,21.458,16.0721
2,43.863,-69.575,21.481,16.0699
2,43.863,-69.575,21.501,16.0704
2,43.863,-69.575,21.495,16.0719
2,43.863,-69.575,21.467,16.0771
2,43.863,-69.575,21.443,16.076
2,43.863,-69.575,21.45,16.0759
2,43.863,-69.575,21.489,16.0747
2,43.863,-69.575,21.523,16.001
2,43.863,-69.575,21.521,16.0508
2,43.863,-69.575,21.486,16.0831
2,43.863,-69.575,21.448,16.0842
2,43.863,-69.575,21.444,16.0785
2,43.863,-69.575,21.48,16.0547
2,43.863,-69.575,21.519,16.0567
2,43.863,-69.575,21.523,16.0517
2,43.863,-69.575,21.489,16.0308
2,43.863,-69.575,21.454,16.0342
2,43.863,-69.575,21.451,16.0269
2,43.863,-69.575,21.486,16.0005
2,43.863,-69.575,21.513,16.0165
2,43.863,-69.575,21.508,15.9953
2,43.863,-69.575,21.478,15.9772
2,43.863,-69.575,21.447,15.9788
2,43.863,-69.575,21.45,15.9762
2,43.863,-69.575,21.483,15.9913
2,43.863,-69.575,21.513,15.9893
2,43.863,-69.575,21.521,16.0134
2,43.863,-69.575,21.503,15.9918
2,43.863,-69.575,21.47,15.9777
2,43.863,-69.575,21.456,15.9757
2,43.863,-69.575,21.476,15.9736
2,43.863,-69.575,21.513,15.9735
2,43.863,-69.575,21.528,15.9745
2,43.863,-69.575,21.5,15.9728
2,43.863,-69.575,21.449,15.9703
2,43.863,-69.575,21.42,15.972
2,43.863,-69.575,21.447,15.9692
2,43.863,-69.575,21.505,15.9675
2,43.863,-69.575,21.547,15.9695
3,43.811,-69.568,0.879,17.428
3,43.811,-69.568,0.896,17.4268
3,43.811,-69.568,1.013,17.4214
3,43.811,-69.568,1.155,17.4146
3,43.811,-69.568,1.15,17.4173
3,43.811,-69.568,0.988,17.423
3,43.811,-69.568,0.872,17.4237
3,43.811,-69.568,0.917,17.4209
3,43.811,-69.568,1.012,17.423
3,43.811,-69.568,1.059,17.4156
3,43.811,-69.568,1.019,17.4171
3,43.811,-69.568,0.927,17.4222
3,43.811,-69.568,0.898,17.4255
3,43.811,-69.568,1.026,17.4161
3,43.811,-69.568,1.243,17.3931
3,43.811,-69.568,1.378,17.3881
3,43.811,-69.568,1.337,17.399
3,43.811,-69.568,1.224,17.4043
3,43.811,-69.568,1.222,17.4016
3,43.811,-69.568,1.331,17.3982
3,43.811,-69.568,1.45,17.3986
3,43.811,-69.568,1.516,17.3907
3,43.811,-69.568,1.539,17.3958
3,43.811,-69.568,1.582,17.3808
3,43.811,-69.568,1.669,17.3649
3,43.811,-69.568,1.739,17.3636
3,43.811,-69.568,1.783,17.3653
3,43.811,-69.568,1.825,17.3526
3,43.811,-69.568,1.854,17.3442
3,43.811,-69.568,1.883,17.3502
3,43.811,-69.568,1.935,17.3455
3,43.811,-69.568,2.045,17.3222
3,43.811,-69.568,2.171,17.3031
3,43.811,-69.568,2.241,17.3021
3,43.811,-69.568,2.256,17.3011
3,43.811,-69.568,2.264,17.3035
3,43.811,-69.568,2.298,17.3179
3,43.811,-69.568,2.382,17.3066
3,43.811,-69.568,2.518,17.2698
3,43.811,-69.568,2.65,17.1689
3,43.811,-69.568,2.718,17.1337
3,43.811,-69.568,2.727,17.1376
3,43.811,-69.568,2.736,17.1346
3,43.811,-69.568,2.77,17.1827
3,43.811,-69.568,2.836,17.1741
3,43.811,-69.568,2.938,17.1172
3,43.811,-69.568,3.07,17.0823
3,43.811,-69.568,3.19,17.0763
3,43.811,-69.568,3.199,17.0794
3,43.811,-69.568,3.078,17.0918
3,43.811,-69.568,3.036,17.1154
3,43.811,-69.568,3.214,17.1017
3,43.811,-69.568,3.476,17.0657
3,43.811,-69.568,3.591,17.0522
3,43.811,-69.568,3.481,17.0867
3,43.811,-69.568,3.347,17.0943
3,43.811,-69.568,3.385,17.0848
3,43.811,-69.568,3.584,17.0838
3,43.811,-69.568,3.811,17.0567
3,43.811,-69.568,3.926,17.0503
3,43.811,-69.568,3.938,17.0511
3,43.811,-69.568,3.961,17.0506
3,43.811,-69.568,4.061,17.0573
3,43.811,-69.568,4.139,17.0534
3,43.811,-69.568,4.097,17.059
3,43.811,-69.568,4.002,17.077
3,43.811,-69.568,4.02,17.0781
3,43.811,-69.568,4.182,17.0585
3,43.811,-69.568,4.383,17.0349
3,43.811,-69.568,4.546,17.007
3,43.811,-69.568,4.658,16.9906
3,43.811,-69.568,4.754,16.9843
3,43.811,-69.568,4.853,16.9728
3,43.811,-69.568,4.971,16.9659
3,43.811,-69.568,5.096,16.9556
3,43.811,-69.568,5.184,16.9448
3,43.811,-69.568,5.18,16.9486
3,43.811,-69.568,5.117,16.9586
3,43.811,-69.568,5.099,16.9637
3,43.811,-69.568,5.2,16.9697
3,43.811,-69.568,5.419,16.9439
3,43.811,-69.568,5.635,16.9086
3,43.811,-69.568,5.744,16.8915
3,43.811,-69.568,5.737,16.8938
3,43.811,-69.568,5.72,16.9012
3,43.811,-69.568,5.751,16.8984
3,43.811,-69.568,5.826,16.8894
3,43.811,-69.568,5.952,16.8857
3,43.811,-69.568,6.117,16.8773
3,43.811,-69.568,6.283,16.8729
3,43.811,-69.568,6.455,16.8652
3,43.811,-69.568,6.611,16.8579
3,43.811,-69.568,6.684,16.8557
3,43.811,-69.568,6.644,16.8574
3,43.811,-69.568,6.557,16.8627
3,43.811,-69.568,6.514,16.8668
3,43.811,-69.568,6.545,16.8678
3,43.811,-69.568,6.688,16.8651
3,43.811,-69.568,6.925,16.853
3,43.811,-69.568,7.21,16.835
3,43.811,-69.568,7.439,16.8151
3,43.811,-69.568,7.535,16.8062
3,43.811,-69.568,7.509,16.8197
3,43.811,-69.568,7.453,16.828
3,43.811,-69.568,7.543,16.8187
3,43.811,-69.568,7.841,16.8004
3,43.811,-69.568,8.187,16.7874
3,43.811,-69.568,8.406,16.7551
3,43.811,-69.568,8.473,16.757
3,43.811,-69.568,8.508,16.7515
3,43.811,-69.568,8.635,16.7507
3,43.811,-69.568,8.867,16.7222
3,43.811,-69.568,9.082,16.6762
3,43.811,-69.568,9.189,16.6611
3,43.811,-69.568,9.272,16.6614
3,43.811,-69.568,9.475,16.6411
3,43.811,-69.568,9.72,16.6262
3,43.811,-69.568,9.855,16.6261
3,43.811,-69.568,9.841,16.624
3,43.811,-69.568,9.813,16.6224
3,43.811,-69.568,9.999,16.6072
3,43.811,-69.568,10.393,16.5696
3,43.811,-69.568,10.727,16.3894
3,43.811,-69.568,10.83,16.3214
3,43.811,-69.568,10.788,16.3852
3,43.811,-69.568,10.827,16.3318
3,43.811,-69.568,11.023,16.2722
3,43.811,-69.568,11.241,16.2607
3,43.811,-69.568,11.392,16.2577
3,43.811,-69.568,11.508,16.2513
3,43.811,-69.568,11.661,16.2436
3,43.811,-69.568,11.867,16.2139
3,43.811,-69.568,12.107,16.1268
3,43.811,-69.568,12.349,16.0667
3,43.811,-69.568,12.562,16.0514
3,43.811,-69.568,12.718,16.0486
3,43.811,-69.568,12.781,16.0467
3,43.811,-69.568,12.757,16.0468
3,43.811,-69.568,12.747,16.0461
3,43.811,-69.568,12.833,16.0359
3,43.811,-69.568,13.017,15.9914
3,43.811,-69.568,13.269,15.9774
3,43.811,-69.568,13.563,15.9697
3,43.811,-69.568,13.83,15.9674
3,43.811,-69.568,13.97,15.9652
3,43.811,-69.568,13.987,15.9664
3,43.811,-69.568,14.008,15.9671
3,43.811,-69.568,14.158,15.966
3,43.811,-69.568,14.404,15.9519
3,43.811,-69.568,14.643,15.9298
3,43.811,-69.568,14.859,15.9173
3,43.811,-69.568,15.062,15.9098
3,43.811,-69.568,15.222,15.904
3,43.811,-69.568,15.277,15.9078
3,43.811,-69.568,15.201,15.9078
3,43.811,-69.568,15.153,15.9214
3,43.811,-69.568,15.3,15.9128
3,43.811,-69.568,15.59,15.8901
3,43.811,-69.568,15.889,15.8263
3,43.811,-69.568,16.121,15.7435
3,43.811,-69.568,16.321,15.6941
3,43.811,-69.568,16.528,15.6801
3,43.811,-69.568,16.72,15.6641
3,43.811,-69.568,16.875,15.6591
3,43.811,-69.568,16.975,15.6582
3,43.811,-69.568,16.988,15.6602
3,43.811,-69.568,16.949,15.6627
3,43.811,-69.568,16.994,15.6589
3,43.811,-69.568,17.231,15.6488
3,43.811,-69.568,17.6,15.5579
3,43.811,-69.568,17.945,15.4282
3,43.811,-69.568,18.142,15.3899
3,43.811,-69.568,18.223,15.3878
3,43.811,-69.568,18.26,15.3968
3,43.811,-69.568,18.282,15.4321
3,43.811,-69.568,18.349,15.4496
3,43.811,-69.568,18.497,15.3991
3,43.811,-69.568,18.666,15.3833
3,43.811,-69.568,18.838,15.3854
3,43.811,-69.568,19.069,15.3856
3,43.811,-69.568,19.354,15.3806
3,43.811,-69.568,19.626,15.3734
3,43.811,-69.568,19.805,15.3534
3,43.811,-69.568,19.904,15.3115
3,43.811,-69.568,19.995,15.2452
3,43.811,-69.568,20.078,15.2797
3,43.811,-69.568,20.204,15.2132
3,43.811,-69.568,20.363,15.1446
3,43.811,-69.568,20.478,15.1297
3,43.811,-69.568,20.535,15.1237
3,43.811,-69.568,20.556,15.1262
3,43.811,-69.568,20.598,15.1237
3,43.811,-69.568,20.761,15.1022
3,43.811,-69.568,21.028,14.934
3,43.811,-69.568,21.296,14.7866
3,43.811,-69.568,21.552,14.7482
3,43.811,-69.568,21.827,14.6944
3,43.811,-69.568,22.116,14.6078
3,43.811,-69.568,22.385,14.4783
3,43.811,-69.568,22.526,14.4024
3,43.811,-69.568,22.495,14.4528
3,43.811,-69.568,22.418,14.5444
3,43.811,-69.568,22.424,14.5185
3,43.811,-69.568,22.532,14.4534
3,43.811,-69.568,22.685,14.4018
3,43.811,-69.568,22.825,14.3585
3,43.811,-69.568,22.976,14.3381
3,43.811,-69.568,23.172,14.2454
3,43.811,-69.568,23.364,14.1568
3,43.811,-69.568,23.501,14.1411
3,43.811,-69.568,23.634,14.0776
3,43.811,-69.568,23.809,14.0187
3,43.811,-69.568,24.009,13.9479
3,43.811,-69.568,24.25,13.9456
3,43.811,-69.568,24.543,13.9378
3,43.811,-69.568,24.799,13.9107
3,43.811,-69.568,24.924,13.9025
3,43.811,-69.568,24.888,13.9158
3,43.811,-69.568,24.835,13.9177
3,43.811,-69.568,24.935,13.9186
3,43.811,-69.568,25.194,13.8965
3,43.811,-69.568,25.487,13.8678
3,43.811,-69.568,25.723,13.8376
3,43.811,-69.568,25.908,13.8279
3,43.811,-69.568,26.065,13.7527
3,43.811,-69.568,26.169,13.6834
3,43.811,-69.568,26.187,13.6965
3,43.811,-69.568,26.158,13.735
3,43.811,-69.568,26.229,13.7331
3,43.811,-69.568,26.561,13.5986
3,43.811,-69.568,27.108,13.3944
3,43.811,-69.568,27.548,13.2581
3,43.811,-69.568,27.727,13.2076
3,43.811,-69.568,27.712,13.2923
3,43.811,-69.568,27.681,13.3872
3,43.811,-69.568,27.739,13.3924
3,43.811,-69.568,27.922,13.3494
3,43.811,-69.568,28.08,13.2589
3,43.811,-69.568,28.117,13.178
3,43.811,-69.568,28.123,13.1973
3,43.811,-69.568,28.205,13.0723
3,43.811,-69.568,28.375,13.0175
3,43.811,-69.568,28.629,13.0019
3,43.811,-69.568,28.941,12.9828
3,43.811,-69.568,29.318,12.9633
3,43.811,-69.568,29.685,12.9268
3,43.811,-69.568,29.933,12.8774
3,43.811,-69.568,30.055,12.8199
3,43.811,-69.568,30.092,12.8267
3,43.811,-69.568,30.124,12.8253
3,43.811,-69.568,30.217,12.7596
3,43.811,-69.568,30.409,12.7019
3,43.811,-69.568,30.638,12.6671
3,43.811,-69.568,30.82,12.6549
3,43.811,-69.568,30.923,12.6513
3,43.811,-69.568,30.984,12.6493
3,43.811,-69.568,31.046,12.6532
3,43.811,-69.568,31.146,12.647
3,43.811,-69.568,31.326,12.6465
3,43.811,-69.568,31.634,12.6396
3,43.811,-69.568,31.989,12.5964
3,43.811,-69.568,32.279,12.5928
3,43.811,-69.568,32.468,12.5879
3,43.811,-69.568,32.612,12.5747
3,43.811,-69.568,32.764,12.5204
3,43.811,-69.568,32.953,12.4452
3,43.811,-69.568,33.176,12.4009
3,43.811,-69.568,33.372,12.3501
3,43.811,-69.568,33.486,12.3167
3,43.811,-69.568,33.553,12.2996
3,43.811,-69.568,33.668,12.301
3,43.811,-69.568,33.844,12.2722
3,43.811,-69.568,33.968,12.2629
3,43.811,-69.568,34.012,12.2639
3,43.811,-69.568,34.081,12.2614
3,43.811,-69.568,34.253,12.2504
3,43.811,-69.568,34.479,12.2384
3,43.811,-69.568,34.713,12.2331
3,43.811,-69.568,34.934,12.2273
3,43.811,-69.568,35.104,12.2224
3,43.811,-69.568,35.243,12.2164
3,43.811,-69.568,35.451,12.2105
3,43.811,-69.568,35.741,12.1984
3,43.811,-69.568,35.997,12.1616
3,43.811,-69.568,36.139,12.152
3,43.811,-69.568,36.196,12.1492
3,43.811,-69.568,36.223,12.1508
3,43.811,-69.568,36.267,12.1491
3,43.811,-69.568,36.421,12.1427
3,43.811,-69.568,36.701,12.1372
3,43.811,-69.568,36.963,12.1315
3,43.811,-69.568,37.09,12.1263
3,43.811,-69.568,37.115,12.1263
3,43.811,-69.568,37.155,12.1257
3,43.811,-69.568,37.249,12.1138
3,43.811,-69.568,37.405,12.0647
3,43.811,-69.568,37.675,11.9791
3,43.811,-69.568,38.026,11.9337
3,43.811,-69.568,38.291,11.8694
3,43.811,-69.568,38.368,11.8549
3,43.811,-69.568,38.387,11.8579
3,43.811,-69.568,38.558,11.8549
3,43.811,-69.568,38.914,11.8156
3,43.811,-69.568,39.265,11.7886
3,43.811,-69.568,39.409,11.7823
3,43.811,-69.568,39.457,11.7811
3,43.811,-69.568,39.54,11.7841
3,43.811,-69.568,39.545,11.795
3,43.811,-69.568,39.509,11.7981
3,43.811,-69.568,39.53,11.7883
3,43.811,-69.568,39.565,11.7814
3,43.811,-69.568,39.634,11.786
3,43.811,-69.568,39.813,11.7827
3,43.811,-69.568,40.083,11.7641
3,43.811,-69.568,40.434,11.7383
3,43.811,-69.568,40.817,11.6686
3,43.811,-69.568,41.113,11.5898
3,43.811,-69.568,41.287,11.5415
3,43.811,-69.568,41.352,11.5386
3,43.811,-69.568,41.344,11.5496
3,43.811,-69.568,41.318,11.5657
3,43.811,-69.568,41.389,11.5411
3,43.811,-69.568,41.556,11.5399
3,43.811,-69.568,41.717,11.5364
3,43.811,-69.568,41.852,11.5357
3,43.811,-69.568,42.014,11.5359
3,43.811,-69.568,42.198,11.5357
3,43.811,-69.568,42.296,11.5357
3,43.811,-69.568,42.268,11.5354
3,43.811,-69.568,42.185,11.5346
3,43.811,-69.568,42.231,11.5341
3,43.811,-69.568,42.515,11.533
3,43.811,-69.568,42.952,11.5022
3,43.811,-69.568,43.312,11.4652
3,43.811,-69.568,43.428,11.4557
3,43.811,-69.568,43.358,11.4721
3,43.811,-69.568,43.327,11.4865
3,43.811,-69.568,43.541,11.4646
3,43.811,-69.568,43.931,11.4465
3,43.811,-69.568,44.249,11.3872
3,43.811,-69.568,44.347,11.358
3,43.811,-69.568,44.336,11.3714
3,43.811,-69.568,44.382,11.399
3,43.811,-69.568,44.417,11.3738
3,43.811,-69.568,44.339,11.3674
3,43.811,-69.568,44.27,11.3855
3,43.811,-69.568,44.238,11.4162
3,43.811,-69.568,44.219,11.4233
3,43.811,-69.568,44.217,11.4243
3,43.811,-69.568,44.232,11.4223
3,43.811,-69.568,44.267,11.4144
3,43.811,-69.568,44.397,11.3754
3,43.811,-69.568,44.589,11.3544
3,43.811,-69.568,44.778,11.3324
3,43.811,-69.568,44.892,11.3275
3,43.811,-69.568,44.912,11.3256
3,43.811,-69.568,44.781,11.3426
3,43.811,-69.568,44.595,11.355
3,43.811,-69.568,44.474,11.3703
3,43.811,-69.568,44.415,11.3954
3,43.811,-69.568,44.365,11.3752
3,43.811,-69.568,44.361,11.382
3,43.811,-69.568,44.501,11.3652
3,43.811,-69.568,44.726,11.3431
3,43.811,-69.568,44.837,11.3283
3,43.811,-69.568,44.74,11.3464
3,43.811,-69.568,44.61,11.3629
3,43.811,-69.568,44.595,11.3638
3,43.811,-69.568,44.617,11.3618
3,43.811,-69.568,44.622,11.3589
3,43.811,-69.568,44.694,11.3503
3,43.811,-69.568,44.817,11.3379
3,43.811,-69.568,44.87,11.3286
3,43.811,-69.568,44.804,11.3382
3,43.811,-69.568,44.64,11.3548
3,43.811,-69.568,44.407,11.3772
3,43.811,-69.568,44.207,11.391
3,43.811,-69.568,44.183,11.3984
3,43.811,-69.568,44.424,11.393
3,43.811,-69.568,44.791,11.3506
3,43.811,-69.568,45.044,11.2716
3,43.811,-69.568,45.048,11.2871
3,43.811,-69.568,44.895,11.3664
3,43.811,-69.568,44.774,11.3681
3,43.811,-69.568,44.737,11.3685
3,43.811,-69.568,44.716,11.3711
3,43.811,-69.568,44.645,11.3764
3,43.811,-69.568,44.505,11.3895
3,43.811,-69.568,44.324,11.4025
3,43.811,-69.568,44.203,11.4122
3,43.811,-69.568,44.23,11.4164
3,43.811,-69.568,44.418,11.3987
3,43.811,-69.568,44.709,11.3689
3,43.811,-69.568,44.998,11.3165
3,43.811,-69.568,45.123,11.2594
4,43.753,-69.501,1.233,16.5432
4,43.753,-69.501,1.129,16.6315
4,43.753,-69.501,1.165,16.6597
4,43.753,-69.501,1.23,16.6576
4,43.753,-69.501,1.246,16.6683
4,43.753,-69.501,1.265,16.6497
4,43.753,-69.501,1.316,16.6326
4,43.753,-69.501,1.306,16.6456
4,43.753,-69.501,1.22,16.6604
4,43.753,-69.501,1.159,16.6656
4,43.753,-69.501,1.165,16.6666
4,43.753,-69.501,1.206,16.66
4,43.753,-69.501,1.267,16.6294
4,43.753,-69.501,1.325,16.5267
4,43.753,-69.501,1.339,16.5038
4,43.753,-69.501,1.24,16.5656
4,43.753,-69.501,1.163,16.612
4,43.753,-69.501,1.188,16.6494
4,43.753,-69.501,1.379,16.6346
4,43.753,-69.501,1.653,16.4298
4,43.753,-69.501,1.953,16.3027
4,43.753,-69.501,2.164,16.2982
4,43.753,-69.501,2.278,16.2966
4,43.753,-69.501,2.396,16.2953
4,43.753,-69.501,2.63,16.2989
4,43.753,-69.501,2.995,16.3039
4,43.753,-69.501,3.362,16.3141
4,43.753,-69.501,3.611,16.3387
4,43.753,-69.501,3.711,16.3389
4,43.753,-69.501,3.755,16.3386
4,43.753,-69.501,3.905,16.338
4,43.753,-69.501,4.148,16.331
4,43.753,-69.501,4.374,16.3095
4,43.753,-69.501,4.503,16.2987
4,43.753,-69.501,4.576,16.2856
4,43.753,-69.501,4.661,16.2405
4,43.753,-69.501,4.801,16.1932
4,43.753,-69.501,4.988,16.1507
4,43.753,-69.501,5.16,16.0947
4,43.753,-69.501,5.311,16.07
4,43.753,-69.501,5.5,16.0273
4,43.753,-69.501,5.678,16.0089
4,43.753,-69.501,5.773,15.9982
4,43.753,-69.501,5.841,15.9916
4,43.753,-69.501,5.994,15.9845
4,43.753,-69.501,6.186,15.9771
4,43.753,-69.501,6.347,15.9676
4,43.753,-69.501,6.482,15.9614
4,43.753,-69.501,6.594,15.9285
4,43.753,-69.501,6.714,15.895
4,43.753,-69.501,6.838,15.8754
4,43.753,-69.501,7.014,15.855
4,43.753,-69.501,7.313,15.8056
4,43.753,-69.501,7.68,15.7334
4,43.753,-69.501,7.956,15.7048
4,43.753,-69.501,8.116,15.6943
4,43.753,-69.501,8.238,15.688
4,43.753,-69.501,8.35,15.6782
4,43.753,-69.501,8.514,15.6531
4,43.753,-69.501,8.813,15.6314
4,43.753,-69.501,9.219,15.5871
4,43.753,-69.501,9.622,15.5294
4,43.753,-69.501,10.007,15.5193
4,43.753,-69.501,10.407,15.492
4,43.753,-69.501,10.746,15.4506
4,43.753,-69.501,10.942,15.409
4,43.753,-69.501,10.987,15.4022
4,43.753,-69.501,10.974,15.4154
4,43.753,-69.501,11.014,15.4037
4,43.753,-69.501,11.238,15.3762
4,43.753,-69.501,11.635,15.3306
4,43.753,-69.501,12.014,15.272
4,43.753,-69.501,12.259,15.2423
4,43.753,-69.501,12.395,15.2126
4,43.753,-69.501,12.536,15.1904
4,43.753,-69.501,12.799,15.1128
4,43.753,-69.501,13.165,15.0255
4,43.753,-69.501,13.502,14.9537
4,43.753,-69.501,13.764,14.9153
4,43.753,-69.501,13.978,14.8988
4,43.753,-69.501,14.22,14.896
4,43.753,-69.501,14.562,14.858
4,43.753,-69.501,14.953,14.8101
4,43.753,-69.501,15.26,14.726
4,43.753,-69.501,15.444,14.6807
4,43.753,-69.501,15.549,14.6583
4,43.753,-69.501,15.641,14.6499
4,43.753,-69.501,15.821,14.6304
4,43.753,-69.501,16.094,14.6013
4,43.753,-69.501,16.354,14.5856
4,43.753,-69.501,16.494,14.5802
4,43.753,-69.501,16.543,14.5781
4,43.753,-69.501,16.647,14.5756
4,43.753,-69.501,16.955,14.5542
4,43.753,-69.501,17.451,14.512
4,43.753,-69.501,17.928,14.4876
4,43.753,-69.501,18.309,14.4819
4,43.753,-69.501,18.644,14.4556
4,43.753,-69.501,18.956,14.3889
4,43.753,-69.501,19.172,14.3451
4,43.753,-69.501,19.274,14.3353
4,43.753,-69.501,19.374,14.3305
4,43.753,-69.501,19.608,14.3118
4,43.753,-69.501,19.955,14.256
4,43.753,-69.501,20.251,14.1519
4,43.753,-69.501,20.435,14.1097
4,43.753,-69.501,20.609,14.0877
4,43.753,-69.501,20.877,14.0374
4,43.753,-69.501,21.133,13.9953
4,43.753,-69.501,21.297,13.9776
4,43.753,-69.501,21.468,13.9674
4,43.753,-69.501,21.787,13.9176
4,43.753,-69.501,22.203,13.7806
4,43.753,-69.501,22.598,13.6941
4,43.753,-69.501,22.881,13.5807
4,43.753,-69.501,23.058,13.5456
4,43.753,-69.501,23.207,13.503
4,43.753,-69.501,23.459,13.291
4,43.753,-69.501,23.853,13.2211
4,43.753,-69.501,24.227,13.1391
4,43.753,-69.501,24.456,13.1279
4,43.753,-69.501,24.61,13.1235
4,43.753,-69.501,24.825,13.1065
4,43.753,-69.501,25.124,13.0907
4,43.753,-69.501,25.386,13.0557
4,43.753,-69.501,25.528,13.0169
4,43.753,-69.501,25.635,13.0023
4,43.753,-69.501,25.943,12.9167
4,43.753,-69.501,26.387,12.754
4,43.753,-69.501,26.685,12.7429
4,43.753,-69.501,26.775,12.7268
4,43.753,-69.501,26.827,12.7267
4,43.753,-69.501,27.054,12.7108
4,43.753,-69.501,27.516,12.6793
4,43.753,-69.501,27.985,12.6248
4,43.753,-69.501,28.295,12.6013
4,43.753,-69.501,28.509,12.5934
4,43.753,-69.501,28.772,12.575
4,43.753,-69.501,29.026,12.5567
4,43.753,-69.501,29.242,12.5516
4,43.753,-69.501,29.434,12.5491
4,43.753,-69.501,29.595,12.5416
4,43.753,-69.501,29.8,12.5237
4,43.753,-69.501,30.124,12.4848
4,43.753,-69.501,30.456,12.4732
4,43.753,-69.501,30.617,12.4745
4,43.753,-69.501,30.626,12.4758
4,43.753,-69.501,30.709,12.4754
4,43.753,-69.501,31.039,12.4804
4,43.753,-69.501,31.549,12.4413
4,43.753,-69.501,32.033,12.3317
4,43.753,-69.501,32.366,12.195
4,43.753,-69.501,32.67,12.0711
4,43.753,-69.501,32.996,12.0569
4,43.753,-69.501,33.256,12.0541
4,43.753,-69.501,33.413,12.0535
4,43.753,-69.501,33.533,12.0537
4,43.753,-69.501,33.716,12.0532
4,43.753,-69.501,33.979,12.0409
4,43.753,-69.501,34.247,12.0207
4,43.753,-69.501,34.387,11.987
4,43.753,-69.501,34.464,11.9725
4,43.753,-69.501,34.699,11.9298
4,43.753,-69.501,35.077,11.8179
4,43.753,-69.501,35.436,11.7715
4,43.753,-69.501,35.667,11.7706
4,43.753,-69.501,35.822,11.7703
4,43.753,-69.501,36.027,11.7742
4,43.753,-69.501,36.318,11.7702
4,43.753,-69.501,36.713,11.7531
4,43.753,-69.501,37.116,11.7513
4,43.753,-69.501,37.412,11.6569
4,43.753,-69.501,37.646,11.5841
4,43.753,-69.501,37.938,11.5561
4,43.753,-69.501,38.256,11.5213
4,43.753,-69.501,38.516,11.5048
4,43.753,-69.501,38.726,11.4701
4,43.753,-69.501,38.883,11.4084
4,43.753,-69.501,39.014,11.3903
4,43.753,-69.501,39.203,11.3793
4,43.753,-69.501,39.459,11.2373
4,43.753,-69.501,39.693,11.1289
4,43.753,-69.501,39.839,11.0989
4,43.753,-69.501,39.967,11.0745
4,43.753,-69.501,40.19,11.0504
4,43.753,-69.501,40.524,10.9931
4,43.753,-69.501,40.887,10.9917
4,43.753,-69.501,41.183,10.9875
4,43.753,-69.501,41.491,10.989
4,43.753,-69.501,41.95,10.9918
4,43.753,-69.501,42.509,10.971
4,43.753,-69.501,42.935,10.9514
4,43.753,-69.501,43.155,10.9404
4,43.753,-69.501,43.238,10.9395
4,43.753,-69.501,43.282,10.9369
4,43.753,-69.501,43.34,10.9308
4,43.753,-69.501,43.473,10.9284
4,43.753,-69.501,43.697,10.9104
4,43.753,-69.501,43.921,10.8757
4,43.753,-69.501,44.07,10.8441
4,43.753,-69.501,44.187,10.8292
4,43.753,-69.501,44.396,10.7547
4,43.753,-69.501,44.697,10.6009
4,43.753,-69.501,45.031,10.5417
4,43.753,-69.501,45.433,10.4939
4,43.753,-69.501,45.883,10.4605
4,43.753,-69.501,46.255,10.4068
4,43.753,-69.501,46.505,10.3417
4,43.753,-69.501,46.714,10.3404
4,43.753,-69.501,46.933,10.385
4,43.753,-69.501,47.135,10.4202
4,43.753,-69.501,47.366,10.4206
4,43.753,-69.501,47.69,10.3783
4,43.753,-69.501,48.038,10.3953
4,43.753,-69.501,48.288,10.4437
4,43.753,-69.501,48.404,10.4461
4,43.753,-69.501,48.4,10.4486
4,43.753,-69.501,48.36,10.4552
4,43.753,-69.501,48.44,10.4459
4,43.753,-69.501,48.698,10.4357
4,43.753,-69.501,49.099,10.4545
4,43.753,-69.501,49.647,10.3831
4,43.753,-69.501,50.256,10.3237
4,43.753,-69.501,50.672,10.3023
4,43.753,-69.501,50.896,10.2993
4,43.753,-69.501,51.091,10.2961
4,43.753,-69.501,51.375,10.2875
4,43.753,-69.501,51.691,10.2767
4,43.753,-69.501,51.942,10.2726
4,43.753,-69.501,52.103,10.2711
4,43.753,-69.501,52.272,10.2661
4,43.753,-69.501,52.523,10.2576
4,43.753,-69.501,52.782,10.2419
4,43.753,-69.501,52.957,10.2267
4,43.753,-69.501,53.069,10.2192
4,43.753,-69.501,53.265,10.2143
4,43.753,-69.501,53.615,10.2136
4,43.753,-69.501,54.03,10.209
4,43.753,-69.501,54.431,10.2141
4,43.753,-69.501,54.825,10.2091
4,43.753,-69.501,55.205,10.2076
4,43.753,-69.501,55.484,10.2106
4,43.753,-69.501,55.64,10.2105
4,43.753,-69.501,55.81,10.2161
4,43.753,-69.501,56.101,10.2174
4,43.753,-69.501,56.484,10.1823
4,43.753,-69.501,56.889,10.1118
4,43.753,-69.501,57.179,10.0929
4,43.753,-69.501,57.347,10.083
4,43.753,-69.501,57.518,10.069
4,43.753,-69.501,57.824,10.0274
4,43.753,-69.501,58.244,9.9757
4,43.753,-69.501,58.64,9.9751
4,43.753,-69.501,58.888,9.9895
4,43.753,-69.501,59.02,9.9887
4,43.753,-69.501,59.197,9.966
4,43.753,-69.501,59.474,9.8751
4,43.753,-69.501,59.773,9.8062
4,43.753,-69.501,60.068,9.7547
4,43.753,-69.501,60.42,9.6832
4,43.753,-69.501,60.73,9.6544
4,43.753,-69.501,60.909,9.6522
4,43.753,-69.501,61.119,9.654
4,43.753,-69.501,61.509,9.6603
4,43.753,-69.501,61.91,9.6576
4,43.753,-69.501,62.229,9.6206
4,43.753,-69.501,62.453,9.5946
4,43.753,-69.501,62.597,9.587
4,43.753,-69.501,62.735,9.5692
4,43.753,-69.501,62.956,9.5608
4,43.753,-69.501,63.347,9.5586
4,43.753,-69.501,63.849,9.5555
4,43.753,-69.501,64.182,9.5533
4,43.753,-69.501,64.297,9.5534
4,43.753,-69.501,64.449,9.5515
4,43.753,-69.501,64.742,9.5396
4,43.753,-69.501,65.104,9.5347
4,43.753,-69.501,65.428,9.5264
4,43.753,-69.501,65.614,9.5239
4,43.753,-69.501,65.691,9.5231
4,43.753,-69.501,65.833,9.5036
4,43.753,-69.501,66.09,9.4764
4,43.753,-69.501,66.401,9.444
4,43.753,-69.501,66.721,9.393
4,43.753,-69.501,67.053,9.3602
4,43.753,-69.501,67.47,9.3511
4,43.753,-69.501,67.939,9.289
4,43.753,-69.501,68.241,9.242
4,43.753,-69.501,68.349,9.2385
4,43.753,-69.501,68.48,9.2298
4,43.753,-69.501,68.807,9.2152
4,43.753,-69.501,69.259,9.2036
4,43.753,-69.501,69.63,9.2223
4,43.753,-69.501,69.849,9.2394
4,43.753,-69.501,70.039,9.237
4,43.753,-69.501,70.256,9.2341
4,43.753,-69.501,70.498,9.2304
4,43.753,-69.501,70.712,9.2245
4,43.753,-69.501,70.86,9.2269
4,43.753,-69.501,70.995,9.2332
4,43.753,-69.501,71.208,9.2392
4,43.753,-69.501,71.483,9.2387
4,43.753,-69.501,71.76,9.2371
4,43.753,-69.501,72.067,9.2024
4,43.753,-69.501,72.442,9.1189
4,43.753,-69.501,72.81,9.0451
4,43.753,-69.501,73.112,8.9859
4,43.753,-69.501,73.366,8.9869
4,43.753,-69.501,73.631,8.9959
4,43.753,-69.501,73.979,9.0099
4,43.753,-69.501,74.36,9.0751
4,43.753,-69.501,74.623,9.1023
4,43.753,-69.501,74.738,9.1028
4,43.753,-69.501,74.788,9.0995
4,43.753,-69.501,74.826,9.0981
4,43.753,-69.501,74.916,9.0949
4,43.753,-69.501,75.108,9.0892
4,43.753,-69.501,75.376,9.088
4,43.753,-69.501,75.661,9.0714
4,43.753,-69.501,76.013,9.0433
4,43.753,-69.501,76.448,9.0069
4,43.753,-69.501,76.874,8.9644
4,43.753,-69.501,77.259,8.9529
4,43.753,-69.501,77.594,8.938
4,43.753,-69.501,77.814,8.9329
4,43.753,-69.501,77.98,8.9268
4,43.753,-69.501,78.172,8.9134
4,43.753,-69.501,78.337,8.9075
4,43.753,-69.501,78.436,8.9035
4,43.753,-69.501,78.524,8.902
4,43.753,-69.501,78.736,8.8937
4,43.753,-69.501,79.088,8.8555
4,43.753,-69.501,79.49,8.7902
4,43.753,-69.501,79.873,8.7055
4,43.753,-69.501,80.205,8.6903
4,43.753,-69.501,80.516,8.6723
4,43.753,-69.501,80.827,8.6479
4,43.753,-69.501,81.067,8.6393
4,43.753,-69.501,81.293,8.6257
4,43.753,-69.501,81.56,8.623
4,43.753,-69.501,81.831,8.6231
4,43.753,-69.501,82.089,8.6216
4,43.753,-69.501,82.349,8.6054
4,43.753,-69.501,82.552,8.5973
4,43.753,-69.501,82.708,8.5763
4,43.753,-69.501,82.902,8.5612
4,43.753,-69.501,83.187,8.4606
4,43.753,-69.501,83.477,8.4272
4,43.753,-69.501,83.707,8.4213
4,43.753,-69.501,83.911,8.4184
4,43.753,-69.501,84.207,8.4151
4,43.753,-69.501,84.641,8.414
4,43.753,-69.501,85.072,8.4073
4,43.753,-69.501,85.363,8.3958
4,43.753,-69.501,85.532,8.3875
4,43.753,-69.501,85.614,8.3853
4,43.753,-69.501,85.609,8.3855
4,43.753,-69.501,85.654,8.3851
4,43.753,-69.501,85.969,8.4013
4,43.753,-69.501,86.526,8.4142
4,43.753,-69.501,87.036,8.4242
4,43.753,-69.501,87.233,8.4305
4,43.753,-69.501,87.177,8.4254
4,43.753,-69.501,87.079,8.4219
4,43.753,-69.501,87.181,8.4252
4,43.753,-69.501,87.524,8.4335
4,43.753,-69.501,87.948,8.4542
4,43.753,-69.501,88.313,8.4545
4,43.753,-69.501,88.61,8.4531
4,43.753,-69.501,88.892,8.4419
4,43.753,-69.501,89.18,8.4219
4,43.753,-69.501,89.456,8.3933
4,43.753,-69.501,89.709,8.3768
4,43.753,-69.501,89.954,8.3573
4,43.753,-69.501,90.165,8.3444
4,43.753,-69.501,90.27,8.3386
4,43.753,-69.501,90.298,8.3359
4,43.753,-69.501,90.43,8.3298
4,43.753,-69.501,90.769,8.309
4,43.753,-69.501,91.21,8.3064
4,43.753,-69.501,91.584,8.3099
4,43.753,-69.501,91.829,8.3077
4,43.753,-69.501,92.012,8.3063
4,43.753,-69.501,92.241,8.3091
4,43.753,-69.501,92.523,8.317
4,43.753,-69.501,92.78,8.3167
4,43.753,-69.501,92.933,8.3163
4,43.753,-69.501,93.065,8.3191
4,43.753,-69.501,93.342,8.3186
4,43.753,-69.501,93.766,8.3007
4,43.753,-69.501,94.235,8.2604
